Workbook

Sheet Data Comparison
A1: Max of Employees | B1: Data | W1: ID | X1: Class_ID | Y1: Name | Z1: Pay_Name | AA1: Class_Name | AB1: Time_Present | AC1: Pay_Present | AD1: Class_Present | AE1: Source
A2: Period_End | B2: Pay Data | C2: Time Data
A3: 43841 | B3: 1
A4: 43855 | B4: 1
A5: 43859 | C5: 1
A6: 43869 | B6: 1
A7: 43873 | C7: 1
A8: 43883 | B8: 1
A9: 43887 | C9: 1
A10: 43897 | B10: 1
A11: 43901 | C11: 1
A12: 43911 | B12: 1
A13: 43915 | C13: 1
A14: 43999 | C14: 1
A15: 44009 | B15: 1
A16: 44013 | C16: 1
A17: 44023 | B17: 1
A18: 44027 | C18: 1
A19: 44037 | B19: 1
A20: 44041 | C20: 1
A21: 44051 | B21: 1
A22: 44055 | C22: 1
A23: 44065 | B23: 1
A24: 44069 | C24: 1
A25: 44079 | B25: 1
A26: 44083 | C26: 1 | E26: Notes:
A27: 44093 | B27: 1 | E27: =_xlfn.LET(_xlpm.calc,COUNTIFS(All_Time_and_Pay_IDs[Source],"Time Data"),_xlpm.oneK,TEXT(_xlpm.calc,"0,000"),_xlfn.CONCAT("~ There are ",IF(_xlpm.calc>=1000,_xlpm.oneK,_xlpm.calc)," employees in the time data that are not in the pay data.")) -> ~ There are 0 employees in the time data that are not in the pay data.
A28: 44097 | C28: 1 | E28: =_xlfn.LET(_xlpm.calc,COUNTIFS(All_Time_and_Pay_IDs[Source],"Pay Data"),_xlpm.oneK,TEXT(_xlpm.calc,"0,000"),_xlfn.CONCAT("~ There are ",IF(_xlpm.calc>=1000,_xlpm.oneK,_xlpm.calc)," employees in the pay data that are not in the time data.")) -> ~ There are 0 employees in the pay data that are not in the time data.
A29: 44107 | B29: 1 | E29: =_xlfn.LET(_xlpm.calc,COUNTIFS(All_Time_and_Pay_IDs[Source],"Time Data; Pay Data"),_xlpm.oneK,TEXT(_xlpm.calc,"0,000"),_xlfn.CONCAT("~ There are ",IF(_xlpm.calc>=1000,_xlpm.oneK,_xlpm.calc)," employees in both the time and pay data.")) -> ~ There are 0 employees in both the time and pay data.
A30: 44111 | C30: 1 | E30: =_xlfn.LET(_xlpm.time_calc,COUNTIFS(All_Time_and_Pay_IDs[Source],"*time*"),_xlpm.pay_calc,COUNTIFS(All_Time_and_Pay_IDs[Source],"*pay*"),_xlpm.calc,COUNTIFS(All_Time_and_Pay_IDs[Source],"*data*"),_xlpm.time1K,TEXT(_xlpm.time_calc,"0,000"),_xlpm.pay1K,TEXT(_xlpm.pay_calc,"0,000"),_xlpm.calc1K,TEXT(_xlpm.calc,"0,000"),_xlfn.CONCAT("~ There are ",IF(_xlpm.time_calc >= 1000,_xlpm.time1K,_xlpm.time_calc)," unique employees in time data, ",IF(_xlpm.pay_calc >= 1000,_xlpm.pay1K,_xlpm.pay_calc)," in the pay data and ",IF(_xlpm.calc >= 1000,_xlpm.calc1K,_xlpm.calc)," in combined time and pay data.")) -> ~ There are 0 unique employees in time data, 0 in the pay data and 0 in combined time and pay data.
A31: 44121 | B31: 1
A32: 44125 | C32: 1
A33: 44135 | B33: 1
A34: 44139 | C34: 1
A35: 44149 | B35: 1
A36: 44153 | C36: 1
A37: 44163 | B37: 1
A38: 44167 | C38: 1
A39: 44177 | B39: 1
A40: 44181 | C40: 1
A41: 44191 | B41: 1
A42: 44195 | C42: 1
A43: 44205 | B43: 27
A44: 44209 | C44: 1
A45: 44219 | B45: 34
A46: 44223 | C46: 1
A47: 44233 | B47: 34
A48: 44237 | C48: 1
A49: 44247 | B49: 35
A50: 44251 | C50: 1
A51: 44261 | B51: 36
A52: 44265 | C52: 1
A53: 44275 | B53: 36
A54: 44279 | C54: 1
A55: 44289 | B55: 38
A56: 44293 | C56: 1
A57: 44303 | B57: 38
A58: 44307 | C58: 1
A59: 44317 | B59: 39
A60: 44321 | C60: 1
A61: 44331 | B61: 42
A62: 44335 | C62: 7
A63: 44345 | B63: 43
A64: 44349 | C64: 8
A65: 44359 | B65: 42
A66: 44363 | C66: 9
A67: 44373 | B67: 37
A68: 44377 | C68: 10
A69: 44387 | B69: 39
A70: 44391 | C70: 11
A71: 44401 | B71: 43
A72: 44405 | C72: 9
A73: 44415 | B73: 46
A74: 44419 | C74: 10
A75: 44429 | B75: 46
A76: 44433 | C76: 12
A77: 44443 | B77: 43
A78: 44447 | C78: 12
A79: 44457 | B79: 47
A80: 44461 | C80: 15
A81: 44471 | B81: 49
A82: 44475 | C82: 18
A83: 44485 | B83: 50
A84: 44489 | C84: 17
A85: 44499 | B85: 51
A86: 44503 | C86: 16
A87: 44513 | B87: 52
A88: 44517 | C88: 17
A89: 44527 | B89: 53
A90: 44531 | C90: 16
A91: 44541 | B91: 55
A92: 44545 | C92: 18
A93: 44555 | B93: 57
A94: 44559 | C94: 19
A95: 44569 | B95: 56
A96: 44573 | C96: 31
A97: 44583 | B97: 59
A98: 44587 | C98: 38
A99: 44597 | B99: 60
A100: 44601 | C100: 40
...

Sheet Employee Pay Period Comparison
A1: ID | B1: Time_Periods | C1: Time_First_Date | D1: Time_Last_Date | E1: Time_Records | F1: Pay_Periods | G1: Pay_First_Date | H1: Pay_Last_Date | I1: Pay_Records | J1: Matching_Periods | K1: Time_Only_Periods | L1: Pay_Only_Periods | M1: Total_Unique_Periods | N1: Match_Rate | O1: Time_Coverage | P1: Pay_Coverage | Q1: Data_Status

Sheet Analysis
A1: Metric Group | B1: Metric Label | C1: Waiver Scenario | D1: Extrapolated | E1: All Data | F1: 2020 | G1: 2021 | H1: 2022 | I1: 2023 | J1: 2024 | K1: 2025 | L1: 2026 | M1: Barraza-Benitez, Hector

Sheet PAGA Analysis
D1: ='Class Analysis'!$D$1 -> Extrap | E1: ='Class Analysis'!$E$1 -> e | F1: ='Class Analysis'!$M$1 -> #NAME?
D2: ='Class Analysis'!$D$3 -> Extrap thru 3/2/2026 | E2: All Data | F2: =F1 -> #NAME? | G2: Notes | H2: Ref_1 | I2: Ref_2
B3: General Statistics | C3: Start date | D3: =ref!$B$6 -> 44497 | E3: {=MAX($D3,_xlfn.LET(_xlpm.calc,_xlfn.MINIFS(Date,Key_Gps,"*"&E$1&"*"),IF(ISNUMBER(E$2),IF(OR(DATE(E$2,12,31) < MIN(Date),DATE(E$2,1,1)>MAX(Date)), "-", MAX(DATE(E$2,1,1),_xlpm.calc)),_xlpm.calc)))} -> #NAME? | F3: {=MAX($D3,_xlfn.LET(_xlpm.calc,_xlfn.MINIFS(Date,Key_Gps,"*"&F$1&"*"),IF(ISNUMBER(F$2),IF(OR(DATE(F$2,12,31) < MIN(Date),DATE(F$2,1,1)>MAX(Date)), "-", MAX(DATE(F$2,1,1),_xlpm.calc)),_xlpm.calc)))} -> #NAME? | G3: =IF('Class Analysis'!N4="","",'Class Analysis'!N4) -> Complaint filed 01/01/2023.
C4: End date | D4: =ref!$B$3 -> 46083 | E4: {=_xlfn.LET(_xlpm.calc,_xlfn.MAXIFS(Period_End,Key_Gps,"*"&E$1&"*"),IF(ISNUMBER(E$2),IF(DATE(E$2,12,31) < MIN(Period_End), "-", MIN(DATE(E$2,12,31),_xlpm.calc)),_xlpm.calc))} -> #NAME? | F4: {=_xlfn.LET(_xlpm.calc,_xlfn.MAXIFS(Period_End,Key_Gps,"*"&F$1&"*"),IF(ISNUMBER(F$2),IF(DATE(F$2,12,31) < MIN(Period_End), "-", MIN(DATE(F$2,12,31),_xlpm.calc)),_xlpm.calc))} -> #NAME? | G4: =IF('Class Analysis'!N5="","",'Class Analysis'!N5)
C5: Employees | D5: =E5*ref!$B$4 -> 0 | E5: {=IFERROR(ROWS(_xlfn.UNIQUE(_xlfn._xlws.FILTER(ID,(Date >= E$3) * (Date <= E$4) * (IFERROR(SEARCH(E$1, Key_Gps),0)>0)))),0)} -> 0 | F5: {=IFERROR(ROWS(_xlfn.UNIQUE(_xlfn._xlws.FILTER(ID,(Date >= F$3) * (Date <= F$4) * (IFERROR(SEARCH(F$1, Key_Gps),0)>0)))),0)} -> 0 | G5: =IF('Class Analysis'!N6="","",'Class Analysis'!N6) -> Values provided by defense counsel.
C6: Former employees | D6: =ROUND(E6/E5*D5,0) -> #NAME? | E6: {=_xlfn.LET(_xlpm.active,ROWS(_xlfn.UNIQUE(_xlfn._xlws.FILTER(Pay_ID, (Pay_Period_End > MAX(Pay_Period_End) - $H$6)))),E5-_xlpm.active)} -> #NAME? | F6: =F5 -> 0 | H6: 30
C7: Active employees | D7: =IFERROR(D5-D6,"-") -> - | E7: =IFERROR(E5-E6,"-") -> - | F7: =IFERROR(F5-F6,"-") -> 0 | G7: Assumes active if worked in final 30 days of pay data.
C8: Pay periods | D8: =ROUND((E8*ref!$B$4)/ref!$B$9,0) -> #NAME? | E8: {=IFERROR(ROWS(_xlfn.UNIQUE(_xlfn._xlws.FILTER(ID_Period_End,(Period_End >= E$3) * (Period_End <= E$4) * (IFERROR(SEARCH(E$1, Key_Gps),0)>0)))),0)} -> 0 | F8: {=IFERROR(ROWS(_xlfn.UNIQUE(_xlfn._xlws.FILTER(ID_Period_End,(Period_End >= F$3) * (Period_End <= F$4) * (IFERROR(SEARCH(F$1, Key_Gps),0)>0)))),0)} -> 0 | G8: ='Class Analysis'!N7 -> ERROR
B10: Meals (shifts >5 hrs) | C10: Employees with at least one shift >5 hrs with a short, late or missing meal | D10: =ROUND(E11*D$5,0) -> #VALUE! | E10: {=IFERROR(ROWS(_xlfn.UNIQUE(_xlfn._xlws.FILTER(ID,(Date >= E$3) * (Date <= E$4) * (IFERROR(SEARCH(E$1, Key_Gps),0)>0) * (mpv_per_pp > 0)))),0)} -> 0 | F10: {=IFERROR(ROWS(_xlfn.UNIQUE(_xlfn._xlws.FILTER(ID,(Date >= F$3) * (Date <= F$4) * (IFERROR(SEARCH(F$1, Key_Gps),0)>0) * (mpv_per_pp > 0)))),0)} -> 0 | G10: Assumes no waivers.
C11: % of all employees | D11: =IFERROR(ROUND(D10/D$5,3),"-") -> - | E11: =IFERROR(ROUND(E10/E$5,3),"-") -> - | F11: =IFERROR(ROUND(F10/F$5,3),"-") -> - | H11: Calculated Violation Rate Applied
C12: Pay periods with at least one shift >5 hrs with a short, late or missing meal | D12: =ROUND($E13*D$8,0) -> #VALUE! | E12: {=IF($H11="Calculated Violation Rate Applied",IFERROR(ROWS(_xlfn.UNIQUE(_xlfn._xlws.FILTER(ID_Period_End,(Period_End >= E$3) * (Period_End <= E$4) * (IFERROR(SEARCH(E$1, Key_Gps),0)>0) * (mpv_per_pp > 0)))),0),ROUND(E$8*$H12,0))} -> 0 | F12: {=IF($H11="Calculated Violation Rate Applied",IFERROR(ROWS(_xlfn.UNIQUE(_xlfn._xlws.FILTER(ID_Period_End,(Period_End >= F$3) * (Period_End <= F$4) * (IFERROR(SEARCH(F$1, Key_Gps),0)>0) * (mpv_per_pp > 0)))),0),ROUND(F$8*$H12,0))} -> 0 | H12: =I12 -> #DIV/0! | I12: {=ROUND(IFERROR(ROWS(_xlfn.UNIQUE(_xlfn._xlws.FILTER(ID_Period_End,(Period_End >= E$3) * (Period_End <= E$4) * (IFERROR(SEARCH(E$1, Key_Gps),0)>0) * (mpv_per_pp > 0)))),0) / IFERROR(ROWS(_xlfn.UNIQUE(_xlfn._xlws.FILTER(ID_Period_End,(Period_End >= E$3) * (Period_End <= E$4) * (IFERROR(SEARCH(E$1, Key_Gps),0)>0)))),0),3)} -> #DIV/0!
C13: % of total pay periods | D13: =IFERROR(ROUND(D12/D$8,3),"-") -> - | E13: =IFERROR(ROUND(E12/E$8,3),"-") -> - | F13: =IFERROR(ROUND(F12/F$8,3),"-") -> - | G13: =IF(INT(H12)=H12,_xlfn.CONCAT("Violation rate: ",TEXT(H12,"0%")),_xlfn.CONCAT("Violation rate: ",TEXT(H12,"0.0%"))) -> #DIV/0!
C14: Meal period PAGA damages (shifts >5 hrs) | D14: =IF(D12=0,0,IF(D12=1,$H14,($H14*D$5)+((D12-D$5)*$I14))) -> #VALUE! | E14: =IF(E12=0,0,IF(E12=1,$H14,($H14*E$5)+((E12-E$5)*$I14))) -> 0 | F14: =IF(F12=0,0,IF(F12=1,$H14,($H14*F$5)+((F12-F$5)*$I14))) -> 0 | G14: =IF(H14=I14,_xlfn.CONCAT("Assumes ",TEXT(H14,"$0")," for initial and subsequent violations (PPs)."),_xlfn.CONCAT("Assumes ",TEXT(H14,"$0")," for initial violation (PP) and ",TEXT(I14,"$0")," for subsequent violations (PPs).")) -> Assumes $100 for initial and subsequent violations (PPs). | H14: 100 | I14: 100
B16: Meals (shifts >6 hrs) | C16: Employees with at least one shift >6 hrs with a short, late or missing meal | D16: =ROUND(E17*D$5,0) -> #VALUE! | E16: {=IFERROR(ROWS(_xlfn.UNIQUE(_xlfn._xlws.FILTER(ID,(Date >= E$3) * (Date <= E$4) * (IFERROR(SEARCH(E$1, Key_Gps),0)>0) * (mpv_per_pp_w > 0)))),0)} -> 0 | F16: {=IFERROR(ROWS(_xlfn.UNIQUE(_xlfn._xlws.FILTER(ID,(Date >= F$3) * (Date <= F$4) * (IFERROR(SEARCH(F$1, Key_Gps),0)>0) * (mpv_per_pp_w > 0)))),0)} -> 0 | G16: Assumes waivers.
C17: % of all employees | D17: =IFERROR(ROUND(D16/D$5,3),"-") -> - | E17: =IFERROR(ROUND(E16/E$5,3),"-") -> - | F17: =IFERROR(ROUND(F16/F$5,3),"-") -> - | H17: Calculated Violation Rate Applied
C18: Pay periods with at least one shift >6 hrs with a short, late or missing meal | D18: =ROUND($E19*D$8,0) -> #VALUE! | E18: {=IF($H17="Calculated Violation Rate Applied",IFERROR(ROWS(_xlfn.UNIQUE(_xlfn._xlws.FILTER(ID_Period_End,(Period_End >= E$3) * (Period_End <= E$4) * (IFERROR(SEARCH(E$1, Key_Gps),0)>0) * (mpv_per_pp_w > 0)))),0),ROUND(E$8*$H18,0))} -> 0 | F18: {=IF($H17="Calculated Violation Rate Applied",IFERROR(ROWS(_xlfn.UNIQUE(_xlfn._xlws.FILTER(ID_Period_End,(Period_End >= F$3) * (Period_End <= F$4) * (IFERROR(SEARCH(F$1, Key_Gps),0)>0) * (mpv_per_pp_w > 0)))),0),ROUND(F$8*$H18,0))} -> 0 | H18: =I18 -> #DIV/0! | I18: {=ROUND(IFERROR(ROWS(_xlfn.UNIQUE(_xlfn._xlws.FILTER(ID_Period_End,(Period_End >= E$3) * (Period_End <= E$4) * (IFERROR(SEARCH(E$1, Key_Gps),0)>0) * (mpv_per_pp_w > 0)))),0) / IFERROR(ROWS(_xlfn.UNIQUE(_xlfn._xlws.FILTER(ID_Period_End,(Period_End >= E$3) * (Period_End <= E$4) * (IFERROR(SEARCH(E$1, Key_Gps),0)>0)))),0),3)} -> #DIV/0!
C19: % of total pay periods | D19: =IFERROR(ROUND(D18/D$8,3),"-") -> - | E19: =IFERROR(ROUND(E18/E$8,3),"-") -> - | F19: =IFERROR(ROUND(F18/F$8,3),"-") -> - | G19: =IF(INT(H18)=H18,_xlfn.CONCAT("Violation rate: ",TEXT(H18,"0%")),_xlfn.CONCAT("Violation rate: ",TEXT(H18,"0.0%"))) -> #DIV/0!
C20: Meal period PAGA damages (shifts >6 hrs) | D20: =IF(D18=0,0,IF(D18=1,$H20,($H20*D$5)+((D18-D$5)*$I20))) -> #VALUE! | E20: =IF(E18=0,0,IF(E18=1,$H20,($H20*E$5)+((E18-E$5)*$I20))) -> 0 | F20: =IF(F18=0,0,IF(F18=1,$H20,($H20*F$5)+((F18-F$5)*$I20))) -> 0 | G20: =IF(H20=I20,_xlfn.CONCAT("Assumes ",TEXT(H20,"$0")," for initial and subsequent violations (PPs)."),_xlfn.CONCAT("Assumes ",TEXT(H20,"$0")," for initial violation (PP) and ",TEXT(I20,"$0")," for subsequent violations (PPs).")) -> Assumes $100 for initial and subsequent violations (PPs). | H20: 100 | I20: 100
B22: Meals, Less Premiums (shifts >5 hrs) | C22: Employees with at least one shift >5 hrs with a short, late or missing meal, less meal premiums | D22: =ROUND(E23*D$5,0) -> #VALUE! | E22: {=IFERROR(ROWS(_xlfn.UNIQUE(_xlfn._xlws.FILTER(ID,(Date >= E$3) * (Date <= E$4) * (IFERROR(SEARCH(E$1, Key_Gps),0)>0) * (mpv_per_pp_less_prems > 0)))),0)} -> 0 | F22: {=IFERROR(ROWS(_xlfn.UNIQUE(_xlfn._xlws.FILTER(ID,(Date >= F$3) * (Date <= F$4) * (IFERROR(SEARCH(F$1, Key_Gps),0)>0) * (mpv_per_pp_less_prems > 0)))),0)} -> 0 | G22: Assumes no waivers. Credits meal premiums already paid.
C23: % of all employees | D23: =IFERROR(ROUND(D22/D$5,3),"-") -> - | E23: =IFERROR(ROUND(E22/E$5,3),"-") -> - | F23: =IFERROR(ROUND(F22/F$5,3),"-") -> - | H23: Calculated Violation Rate Applied
C24: Pay periods with at least one shift >5 hrs with a short, late or missing meal, less meal premiums | D24: =ROUND($E25*D$8,0) -> #VALUE! | E24: {=IF($H23="Calculated Violation Rate Applied",IFERROR(ROWS(_xlfn.UNIQUE(_xlfn._xlws.FILTER(ID_Period_End,(Period_End >= E$3) * (Period_End <= E$4) * (IFERROR(SEARCH(E$1, Key_Gps),0)>0) * (mpv_per_pp_less_prems > 0)))),0),ROUND(E$8*$H24,0))} -> 0 | F24: {=IF($H23="Calculated Violation Rate Applied",IFERROR(ROWS(_xlfn.UNIQUE(_xlfn._xlws.FILTER(ID_Period_End,(Period_End >= F$3) * (Period_End <= F$4) * (IFERROR(SEARCH(F$1, Key_Gps),0)>0) * (mpv_per_pp_less_prems > 0)))),0),ROUND(F$8*$H24,0))} -> 0 | H24: =I24 -> #DIV/0! | I24: {=ROUND(IFERROR(ROWS(_xlfn.UNIQUE(_xlfn._xlws.FILTER(ID_Period_End,(Period_End >= E$3) * (Period_End <= E$4) * (IFERROR(SEARCH(E$1, Key_Gps),0)>0) * (mpv_per_pp_less_prems > 0)))),0) / IFERROR(ROWS(_xlfn.UNIQUE(_xlfn._xlws.FILTER(ID_Period_End,(Period_End >= E$3) * (Period_End <= E$4) * (IFERROR(SEARCH(E$1, Key_Gps),0)>0)))),0),3)} -> #DIV/0!
C25: % of total pay periods | D25: =IFERROR(ROUND(D24/D$8,3),"-") -> - | E25: =IFERROR(ROUND(E24/E$8,3),"-") -> - | F25: =IFERROR(ROUND(F24/F$8,3),"-") -> - | G25: =IF(INT(H24)=H24,_xlfn.CONCAT("Violation rate: ",TEXT(H24,"0%")),_xlfn.CONCAT("Violation rate: ",TEXT(H24,"0.0%"))) -> #DIV/0!
C26: Meal period PAGA damages (shifts >5 hrs) | D26: =IF(D24=0,0,IF(D24=1,$H26,($H26*D$5)+((D24-D$5)*$I26))) -> #VALUE! | E26: =IF(E24=0,0,IF(E24=1,$H26,($H26*E$5)+((E24-E$5)*$I26))) -> 0 | F26: =IF(F24=0,0,IF(F24=1,$H26,($H26*F$5)+((F24-F$5)*$I26))) -> 0 | G26: =IF(H26=I26,_xlfn.CONCAT("Assumes ",TEXT(H26,"$0")," for initial and subsequent violations (PPs)."),_xlfn.CONCAT("Assumes ",TEXT(H26,"$0")," for initial violation (PP) and ",TEXT(I26,"$0")," for subsequent violations (PPs).")) -> Assumes $100 for initial and subsequent violations (PPs). | H26: 100 | I26: 100
B28: Meals, Less Premiums (shifts >6 hrs) | C28: Employees with at least one shift >6 hrs with a short, late or missing meal, less meal premiums | D28: =ROUND(E29*D$5,0) -> #VALUE! | E28: {=IFERROR(ROWS(_xlfn.UNIQUE(_xlfn._xlws.FILTER(ID,(Date >= E$3) * (Date <= E$4) * (IFERROR(SEARCH(E$1, Key_Gps),0)>0) * (mpv_per_pp_less_prems_w > 0)))),0)} -> 0 | F28: {=IFERROR(ROWS(_xlfn.UNIQUE(_xlfn._xlws.FILTER(ID,(Date >= F$3) * (Date <= F$4) * (IFERROR(SEARCH(F$1, Key_Gps),0)>0) * (mpv_per_pp_less_prems_w > 0)))),0)} -> 0 | G28: Assumes waivers. Credits meal premiums already paid.
C29: % of all employees | D29: =IFERROR(ROUND(D28/D$5,3),"-") -> - | E29: =IFERROR(ROUND(E28/E$5,3),"-") -> - | F29: =IFERROR(ROUND(F28/F$5,3),"-") -> - | H29: Calculated Violation Rate Applied
C30: Pay periods with at least one shift >6 hrs with a short, late or missing meal, less meal premiums | D30: =ROUND($E31*D$8,0) -> #VALUE! | E30: {=IF($H29="Calculated Violation Rate Applied",IFERROR(ROWS(_xlfn.UNIQUE(_xlfn._xlws.FILTER(ID_Period_End,(Period_End >= E$3) * (Period_End <= E$4) * (IFERROR(SEARCH(E$1, Key_Gps),0)>0) * (mpv_per_pp_less_prems_w > 0)))),0),ROUND(E$8*$H30,0))} -> 0 | F30: {=IF($H29="Calculated Violation Rate Applied",IFERROR(ROWS(_xlfn.UNIQUE(_xlfn._xlws.FILTER(ID_Period_End,(Period_End >= F$3) * (Period_End <= F$4) * (IFERROR(SEARCH(F$1, Key_Gps),0)>0) * (mpv_per_pp_less_prems_w > 0)))),0),ROUND(F$8*$H30,0))} -> 0 | H30: =I30 -> #DIV/0! | I30: {=ROUND(IFERROR(ROWS(_xlfn.UNIQUE(_xlfn._xlws.FILTER(ID_Period_End,(Period_End >= E$3) * (Period_End <= E$4) * (IFERROR(SEARCH(E$1, Key_Gps),0)>0) * (mpv_per_pp_less_prems_w > 0)))),0) / IFERROR(ROWS(_xlfn.UNIQUE(_xlfn._xlws.FILTER(ID_Period_End,(Period_End >= E$3) * (Period_End <= E$4) * (IFERROR(SEARCH(E$1, Key_Gps),0)>0)))),0),3)} -> #DIV/0!
C31: % of total pay periods | D31: =IFERROR(ROUND(D30/D$8,3),"-") -> - | E31: =IFERROR(ROUND(E30/E$8,3),"-") -> - | F31: =IFERROR(ROUND(F30/F$8,3),"-") -> - | G31: =IF(INT(H30)=H30,_xlfn.CONCAT("Violation rate: ",TEXT(H30,"0%")),_xlfn.CONCAT("Violation rate: ",TEXT(H30,"0.0%"))) -> #DIV/0!
C32: Meal period PAGA damages (shifts >6 hrs) | D32: =IF(D30=0,0,IF(D30=1,$H32,($H32*D$5)+((D30-D$5)*$I32))) -> #VALUE! | E32: =IF(E30=0,0,IF(E30=1,$H32,($H32*E$5)+((E30-E$5)*$I32))) -> 0 | F32: =IF(F30=0,0,IF(F30=1,$H32,($H32*F$5)+((F30-F$5)*$I32))) -> 0 | G32: =IF(H32=I32,_xlfn.CONCAT("Assumes ",TEXT(H32,"$0")," for initial and subsequent violations (PPs)."),_xlfn.CONCAT("Assumes ",TEXT(H32,"$0")," for initial violation (PP) and ",TEXT(I32,"$0")," for subsequent violations (PPs).")) -> Assumes $100 for initial and subsequent violations (PPs). | H32: 100 | I32: 100
B34: Rest Periods | C34: Employees with at least one rest period eligible shift | D34: =ROUND(E35*D$5,0) -> #VALUE! | E34: {=IFERROR(ROWS(_xlfn.UNIQUE(_xlfn._xlws.FILTER(ID,(Date >= E$3) * (Date <= E$4) * (IFERROR(SEARCH(E$1, Key_Gps),0)>0) * (rpv_shift = 1)))),0)} -> 0 | F34: {=IFERROR(ROWS(_xlfn.UNIQUE(_xlfn._xlws.FILTER(ID,(Date >= F$3) * (Date <= F$4) * (IFERROR(SEARCH(F$1, Key_Gps),0)>0) * (rpv_shift = 1)))),0)} -> 0 | G34: Rest period eligible = shift >3.5 hrs.
C35: % of all employees | D35: =IFERROR(ROUND(D34/D$5,3),"-") -> - | E35: =IFERROR(ROUND(E34/E$5,3),"-") -> - | F35: =IFERROR(ROUND(F34/F$5,3),"-") -> - | H35: Calculated Violation Rate Applied
C36: Pay periods with at least one rest period eligible shift | D36: =ROUND($E37*D$8,0) -> #VALUE! | E36: {=IF($H35="Calculated Violation Rate Applied",IFERROR(ROWS(_xlfn.UNIQUE(_xlfn._xlws.FILTER(ID_Period_End,(Period_End >= E$3) * (Period_End <= E$4) * (IFERROR(SEARCH(E$1, Key_Gps),0)>0) * (rpv_shift > 0)))),0),ROUND(E$8*$H36,0))} -> 0 | F36: {=IF($H35="Calculated Violation Rate Applied",IFERROR(ROWS(_xlfn.UNIQUE(_xlfn._xlws.FILTER(ID_Period_End,(Period_End >= F$3) * (Period_End <= F$4) * (IFERROR(SEARCH(F$1, Key_Gps),0)>0) * (rpv_shift > 0)))),0),ROUND(F$8*$H36,0))} -> 0 | H36: =I36 -> #DIV/0! | I36: {=ROUND(IFERROR(ROWS(_xlfn.UNIQUE(_xlfn._xlws.FILTER(ID_Period_End,(Period_End >= E$3) * (Period_End <= E$4) * (IFERROR(SEARCH(E$1, Key_Gps),0)>0) * (rpv_shift = 1)))),0) / IFERROR(ROWS(_xlfn.UNIQUE(_xlfn._xlws.FILTER(ID_Period_End,(Period_End >= E$3) * (Period_End <= E$4) * (IFERROR(SEARCH(E$1, Key_Gps),0)>0)))),0),3)} -> #DIV/0!
C37: % of total pay periods | D37: =IFERROR(ROUND(D36/D$8,3),"-") -> - | E37: =IFERROR(ROUND(E36/E$8,3),"-") -> - | F37: =IFERROR(ROUND(F36/F$8,3),"-") -> - | G37: =IF(INT(H36)=H36,_xlfn.CONCAT("Violation rate: ",TEXT(H36,"0%")),_xlfn.CONCAT("Violation rate: ",TEXT(H36,"0.0%"))) -> #DIV/0!
C38: Rest period PAGA damages | D38: =IF(D36=0,0,IF(D36=1,$H38,($H38*D$5)+((D36-D$5)*$I38))) -> #VALUE! | E38: =IF(E36=0,0,IF(E36=1,$H38,($H38*E$5)+((E36-E$5)*$I38))) -> 0 | F38: =IF(F36=0,0,IF(F36=1,$H38,($H38*F$5)+((F36-F$5)*$I38))) -> 0 | G38: =IF(H38=I38,_xlfn.CONCAT("Assumes ",TEXT(H38,"$0")," for initial and subsequent violations (PPs)."),_xlfn.CONCAT("Assumes ",TEXT(H38,"$0")," for initial violation (PP) and ",TEXT(I38,"$0")," for subsequent violations (PPs).")) -> Assumes $100 for initial and subsequent violations (PPs). | H38: 100 | I38: 100
B40: 226.3 | C40: Pay periods | D40: =ROUND($E41*D$8,0) -> #VALUE! | E40: =MAX(E$36,E$18,E$12) -> 0 | F40: =MAX(F$36,F$18,F$12) -> 0
C41: % of total pay periods | D41: =IFERROR(ROUND(D40/D$8,3),"-") -> - | E41: =IFERROR(ROUND(E40/E$8,3),"-") -> - | F41: =IFERROR(ROUND(F40/F$8,3),"-") -> -
C42: Failure to provide wage deduction statement or fails to keep the records required | D42: =IF(D40=0,0,IF(D40=1,$H42,($H42*D$5)+((D40-D$5)*$I42))) -> #VALUE! | E42: =IF(E40=0,0,IF(E40=1,$H42,($H42*E$5)+((E40-E$5)*$I42))) -> 0 | F42: =IF(F40=0,0,IF(F40=1,$H42,($H42*F$5)+((F40-F$5)*$I42))) -> 0 | G42: =IF(H42=I42,_xlfn.CONCAT("Assumes ",TEXT(H42,"$0")," for initial and subsequent violations (PPs)."),_xlfn.CONCAT("Assumes ",TEXT(H42,"$0")," for initial violation (PP) and ",TEXT(I42,"$0")," for subsequent violations (PPs).")) -> Assumes $250 for initial and subsequent violations (PPs). | H42: 250 | I42: 250
B44: 558 | C44: Pay periods | D44: =ROUND($E45*D$8,0) -> #VALUE! | E44: =MAX(E$18,E$12) -> 0 | F44: =MAX(F$18,F$12) -> 0
C45: % of total pay periods | D45: =IFERROR(ROUND(D44/D$8,3),"-") -> - | E45: =IFERROR(ROUND(E44/E$8,3),"-") -> - | F45: =IFERROR(ROUND(F44/F$8,3),"-") -> -
C46: Failure to pay overtime | D46: =IF(D44=0,0,IF(D44=1,$H46,($H46*D$5)+((D44-D$5)*$I46))) -> #VALUE! | E46: =IF(E44=0,0,IF(E44=1,$H46,($H46*E$5)+((E44-E$5)*$I46))) -> 0 | F46: =IF(F44=0,0,IF(F44=1,$H46,($H46*F$5)+((F44-F$5)*$I46))) -> 0 | G46: =IF(H46=I46,_xlfn.CONCAT("Assumes ",TEXT(H46,"$0")," for initial and subsequent violations (PPs)."),_xlfn.CONCAT("Assumes ",TEXT(H46,"$0")," for initial violation (PP) and ",TEXT(I46,"$0")," for subsequent violations (PPs).")) -> Assumes $50 for initial and subsequent violations (PPs). | H46: 50 | I46: 50
B48: 1174.5 | C48: Employees | D48: =D$5 -> 0 | E48: =E$5 -> 0 | F48: =F$5 -> 0
C49: Failure to maintain proper payroll records | D49: =D48*$H49 -> 0 | E49: =E48*$H49 -> 0 | F49: =F48*$H49 -> 0 | G49: =_xlfn.CONCAT("Assumes ",TEXT(H49,"$0")," per employee.") -> Assumes $500 per employee. | H49: 500
B51: 1197.1 | C51: Pay periods | D51: =ROUND($E52*D$8,0) -> #VALUE! | E51: =MAX(E$18,E$12) -> 0 | F51: =MAX(F$18,F$12) -> 0
C52: % of total pay periods | D52: =IFERROR(ROUND(D51/D$8,3),"-") -> - | E52: =IFERROR(ROUND(E51/E$8,3),"-") -> - | F52: =IFERROR(ROUND(F51/F$8,3),"-") -> -
C53: Failure to pay minimum wage | D53: =IF(D51=0,0,IF(D51=1,$H53,($H53*D$5)+((D51-D$5)*$I53))) -> #VALUE! | E53: =IF(E51=0,0,IF(E51=1,$H53,($H53*E$5)+((E51-E$5)*$I53))) -> 0 | F53: =IF(F51=0,0,IF(F51=1,$H53,($H53*F$5)+((F51-F$5)*$I53))) -> 0 | G53: =IF(H53=I53,_xlfn.CONCAT("Assumes maximum number of pay periods.",CHAR(10),"Assumes ",TEXT(H53,"$0")," for initial and subsequent violations (PPs)."),_xlfn.CONCAT("Assumes maximum number of pay periods.",CHAR(10),"Assumes ",TEXT(H53,"$0")," for initial violation (PP) and ",TEXT(I53,"$0")," for subsequent violations (PPs).")) -> Assumes maximum number of pay periods. Assumes $100 for initial and subsequent violations (PPs). | H53: 100 | I53: 100
B55: 203 | C55: Former employees | D55: =D$6 -> #NAME? | E55: =E$6 -> #NAME? | F55: =F$6 -> 0
C56: Waiting time penalties | D56: =D55*$H56 -> #NAME? | E56: =E55*$H56 -> #NAME? | F56: =F55*$H56 -> 0 | G56: =_xlfn.CONCAT("Assumes one ",TEXT(H56,"$0")," pay period violation per employee.") -> Assumes one $100 pay period violation per employee. | H56: 100
B58: Total | C58: PAGA total (Meal period analysis shifts >5 hrs) | D58: =D$56+D$53+D$49+D$46+D$42+D$38+D$14 -> #NAME? | E58: =E$56+E$53+E$49+E$46+E$42+E$38+E$14 -> #NAME? | F58: =F$56+F$53+F$49+F$46+F$42+F$38+F$14 -> 0 | G58: Includes rest and meal period damages.
C59: PAGA total (Meal period analysis shifts >6 hrs) | D59: =D$56+D$20+D$49+(D$20/2)+D$42+D$38+D$20 -> #NAME? | E59: =E$56+E$20+E$49+(E$20/2)+E$42+E$38+E$20 -> #NAME? | F59: =F$56+F$20+F$49+(F$20/2)+F$42+F$38+F$20 -> 0 | G59: Includes rest and meal period damages.
B61: Total | C61: PAGA total (Meal period analysis shifts >5 hrs, less premiums) | D61: =D$56+D$53+D$49+D$46+D$42+D$38+D$26 -> #NAME? | E61: =E$56+E$53+E$49+E$46+E$42+E$38+E$26 -> #NAME? | F61: =F$56+F$53+F$49+F$46+F$42+F$38+F$26 -> 0 | G61: Includes rest and meal period damages.
C62: PAGA total (Meal period analysis shifts >6 hrs, less premiums) | D62: =D$56+D$32+D$49+(D$32/2)+D$42+D$38+D$32 -> #NAME? | E62: =E$56+E$32+E$49+(E$32/2)+E$42+E$38+E$32 -> #NAME? | F62: =F$56+F$32+F$49+(F$32/2)+F$42+F$38+F$32 -> 0 | G62: Includes rest and meal period damages.

Sheet Class Analysis
A1: 1 | D1: Extrap | E1: e | F1: =$E$1 -> e | G1: =$E$1 -> e | H1: =$E$1 -> e | I1: =$E$1 -> e | J1: =$E$1 -> e | K1: =$E$1 -> e | L1: =$E$1 -> e | M1: {=INDEX(Key_Gps, MATCH(TRUE, Key_Gps<>"Everyone Else", 0))} -> #NAME? | N1: Notes | O1: Ref_1 | P1: Ref_2 | Q1: Extrap %s | R1: Check | S1: Ref_3 | T1: =D1 -> Extrap | U1: =E1 -> e | V1: =F1 -> e | W1: =G1 -> e | X1: =H1 -> e | Y1: =I1 -> e | Z1: =J1 -> e | AA1: =K1 -> e | ... AC1: =M1 -> #NAME?
D2: Extrapolation | E2: Data Sample | M2: Named Plaintiff | N2: Notes
A3: 1 | D3: =_xlfn.CONCAT("Extrap thru ",TEXT(D5,"m/d/yyyy")) -> Extrap thru 3/2/2026 | E3: All Data | F3: 2020 | G3: 2021 | H3: 2022 | I3: 2023 | J3: 2024 | K3: 2025 | L3: 2026 | M3: =M1 -> #NAME? | O3: =O1 -> Ref_1 | P3: =P1 -> Ref_2 | Q3: Extrap %s | R3: Check | S3: Ref_3 | T3: =D3 -> Extrap thru 3/2/2026 | U3: =E3 -> All Data | V3: =F3 -> 2020 | W3: =G3 -> 2021 | X3: =H3 -> 2022 | Y3: =I3 -> 2023 | Z3: =J3 -> 2024 | AA3: =K3 -> 2025 | ... AC3: =M3 -> #NAME?
B4: Time Data Statistics | C4: Start date | D4: =ref!$B$7 -> 43466 | E4: {=_xlfn.LET(_xlpm.calc,_xlfn.MINIFS(Date,Key_Gps,"*"&E$1&"*"),IF(ISNUMBER(E$3),IF(OR(DATE(E$3,12,31) < MIN(Date),DATE(E$3,1,1)>MAX(Date)), "-", MAX(DATE(E$3,1,1),_xlpm.calc)),_xlpm.calc))} -> #NAME? | F4: {=_xlfn.LET(_xlpm.calc,_xlfn.MINIFS(Date,Key_Gps,"*"&F$1&"*"),IF(ISNUMBER(F$3),IF(OR(DATE(F$3,12,31) < MIN(Date),DATE(F$3,1,1)>MAX(Date)), "-", MAX(DATE(F$3,1,1),_xlpm.calc)),_xlpm.calc))} -> #NAME? | G4: {=_xlfn.LET(_xlpm.calc,_xlfn.MINIFS(Date,Key_Gps,"*"&G$1&"*"),IF(ISNUMBER(G$3),IF(OR(DATE(G$3,12,31) < MIN(Date),DATE(G$3,1,1)>MAX(Date)), "-", MAX(DATE(G$3,1,1),_xlpm.calc)),_xlpm.calc))} -> #NAME? | H4: {=_xlfn.LET(_xlpm.calc,_xlfn.MINIFS(Date,Key_Gps,"*"&H$1&"*"),IF(ISNUMBER(H$3),IF(OR(DATE(H$3,12,31) < MIN(Date),DATE(H$3,1,1)>MAX(Date)), "-", MAX(DATE(H$3,1,1),_xlpm.calc)),_xlpm.calc))} -> #NAME? | I4: {=_xlfn.LET(_xlpm.calc,_xlfn.MINIFS(Date,Key_Gps,"*"&I$1&"*"),IF(ISNUMBER(I$3),IF(OR(DATE(I$3,12,31) < MIN(Date),DATE(I$3,1,1)>MAX(Date)), "-", MAX(DATE(I$3,1,1),_xlpm.calc)),_xlpm.calc))} -> #NAME? | J4: {=_xlfn.LET(_xlpm.calc,_xlfn.MINIFS(Date,Key_Gps,"*"&J$1&"*"),IF(ISNUMBER(J$3),IF(OR(DATE(J$3,12,31) < MIN(Date),DATE(J$3,1,1)>MAX(Date)), "-", MAX(DATE(J$3,1,1),_xlpm.calc)),_xlpm.calc))} -> #NAME? | K4: {=_xlfn.LET(_xlpm.calc,_xlfn.MINIFS(Date,Key_Gps,"*"&K$1&"*"),IF(ISNUMBER(K$3),IF(OR(DATE(K$3,12,31) < MIN(Date),DATE(K$3,1,1)>MAX(Date)), "-", MAX(DATE(K$3,1,1),_xlpm.calc)),_xlpm.calc))} -> #NAME? | L4: {=_xlfn.LET(_xlpm.calc,_xlfn.MINIFS(Date,Key_Gps,"*"&L$1&"*"),IF(ISNUMBER(L$3),IF(OR(DATE(L$3,12,31) < MIN(Date),DATE(L$3,1,1)>MAX(Date)), "-", MAX(DATE(L$3,1,1),_xlpm.calc)),_xlpm.calc))} -> #NAME? | M4: {=_xlfn.LET(_xlpm.calc,_xlfn.MINIFS(Date,Key_Gps,"*"&M$1&"*"),IF(ISNUMBER(M$3),IF(OR(DATE(M$3,12,31) < MIN(Date),DATE(M$3,1,1)>MAX(Date)), "-", MAX(DATE(M$3,1,1),_xlpm.calc)),_xlpm.calc))} -> #NAME? | N4: ="Complaint filed "&TEXT(ref!$B$1,"mm/dd/yyyy")&"." -> Complaint filed 01/01/2023. | Q4: =IF(IFERROR(SEARCH("(",E4),0)=0,"",VALUE(SUBSTITUTE(RIGHT(E4,LEN(E4)-SEARCH("(",E4)),")",""))) | R4: =IF(U4="","",SUM(V4:AB4)-U4) | S4: =IF($C4="","",IF(OR(IFERROR(SEARCH("min wage",LOWER($C4)),0)>0, IFERROR(SEARCH(" per ",LOWER($C4)),0)>0, IFERROR(SEARCH("penalt",LOWER($C4)),0)>0,IFERROR(SEARCH("total",LOWER($C4)),0)>0,IFERROR(SEARCH("interest",LOWER($C4)),0)>0,IFERROR(SEARCH("date",LOWER($C4)),0)>0,IFERROR(SEARCH("employee",LOWER($C4)),0)>0,IFERROR(SEARCH("average",LOWER($C4)),0)>0,IFERROR(SEARCH("median",LOWER($C4)),0)>0),"",1)) | T4: =IF($S4<>1,"",IF(IFERROR(SEARCH("(",D4),0)=0,D4,VALUE(TRIM(LEFT(D4,SEARCH(" (",D4)))))) | U4: =IF($S4<>1,"",IF(IFERROR(SEARCH("(",E4),0)=0,E4,VALUE(TRIM(LEFT(E4,SEARCH(" (",E4)))))) | V4: =IF($S4<>1,"",IF(IFERROR(SEARCH("(",F4),0)=0,F4,VALUE(TRIM(LEFT(F4,SEARCH(" (",F4)))))) | W4: =IF($S4<>1,"",IF(IFERROR(SEARCH("(",G4),0)=0,G4,VALUE(TRIM(LEFT(G4,SEARCH(" (",G4)))))) | X4: =IF($S4<>1,"",IF(IFERROR(SEARCH("(",H4),0)=0,H4,VALUE(TRIM(LEFT(H4,SEARCH(" (",H4)))))) | Y4: =IF($S4<>1,"",IF(IFERROR(SEARCH("(",I4),0)=0,I4,VALUE(TRIM(LEFT(I4,SEARCH(" (",I4)))))) | Z4: =IF($S4<>1,"",IF(IFERROR(SEARCH("(",J4),0)=0,J4,VALUE(TRIM(LEFT(J4,SEARCH(" (",J4)))))) | AA4: =IF($S4<>1,"",IF(IFERROR(SEARCH("(",K4),0)=0,K4,VALUE(TRIM(LEFT(K4,SEARCH(" (",K4)))))) | ... AC4: =IF($S4<>1,"",IF(IFERROR(SEARCH("(",M4),0)=0,M4,VALUE(TRIM(LEFT(M4,SEARCH(" (",M4))))))
C5: End date | D5: =ref!$B$3 -> 46083 | E5: {=_xlfn.LET(_xlpm.calc,_xlfn.MAXIFS(Period_End,Key_Gps,"*"&E$1&"*"),IF(ISNUMBER(E$3),IF(OR(DATE(E$3,12,31) < MIN(Date),DATE(E$3,1,1)>MAX(Date)), "-", MIN(DATE(E$3,12,31),_xlpm.calc)),_xlpm.calc))} -> #NAME? | F5: {=_xlfn.LET(_xlpm.calc,_xlfn.MAXIFS(Period_End,Key_Gps,"*"&F$1&"*"),IF(ISNUMBER(F$3),IF(OR(DATE(F$3,12,31) < MIN(Date),DATE(F$3,1,1)>MAX(Date)), "-", MIN(DATE(F$3,12,31),_xlpm.calc)),_xlpm.calc))} -> #NAME? | G5: {=_xlfn.LET(_xlpm.calc,_xlfn.MAXIFS(Period_End,Key_Gps,"*"&G$1&"*"),IF(ISNUMBER(G$3),IF(OR(DATE(G$3,12,31) < MIN(Date),DATE(G$3,1,1)>MAX(Date)), "-", MIN(DATE(G$3,12,31),_xlpm.calc)),_xlpm.calc))} -> #NAME? | H5: {=_xlfn.LET(_xlpm.calc,_xlfn.MAXIFS(Period_End,Key_Gps,"*"&H$1&"*"),IF(ISNUMBER(H$3),IF(OR(DATE(H$3,12,31) < MIN(Date),DATE(H$3,1,1)>MAX(Date)), "-", MIN(DATE(H$3,12,31),_xlpm.calc)),_xlpm.calc))} -> #NAME? | I5: {=_xlfn.LET(_xlpm.calc,_xlfn.MAXIFS(Period_End,Key_Gps,"*"&I$1&"*"),IF(ISNUMBER(I$3),IF(OR(DATE(I$3,12,31) < MIN(Date),DATE(I$3,1,1)>MAX(Date)), "-", MIN(DATE(I$3,12,31),_xlpm.calc)),_xlpm.calc))} -> #NAME? | J5: {=_xlfn.LET(_xlpm.calc,_xlfn.MAXIFS(Period_End,Key_Gps,"*"&J$1&"*"),IF(ISNUMBER(J$3),IF(OR(DATE(J$3,12,31) < MIN(Date),DATE(J$3,1,1)>MAX(Date)), "-", MIN(DATE(J$3,12,31),_xlpm.calc)),_xlpm.calc))} -> #NAME? | K5: {=_xlfn.LET(_xlpm.calc,_xlfn.MAXIFS(Period_End,Key_Gps,"*"&K$1&"*"),IF(ISNUMBER(K$3),IF(OR(DATE(K$3,12,31) < MIN(Date),DATE(K$3,1,1)>MAX(Date)), "-", MIN(DATE(K$3,12,31),_xlpm.calc)),_xlpm.calc))} -> #NAME? | L5: {=_xlfn.LET(_xlpm.calc,_xlfn.MAXIFS(Period_End,Key_Gps,"*"&L$1&"*"),IF(ISNUMBER(L$3),IF(OR(DATE(L$3,12,31) < MIN(Date),DATE(L$3,1,1)>MAX(Date)), "-", MIN(DATE(L$3,12,31),_xlpm.calc)),_xlpm.calc))} -> #NAME? | M5: {=_xlfn.LET(_xlpm.calc,_xlfn.MAXIFS(Period_End,Key_Gps,"*"&M$1&"*"),IF(ISNUMBER(M$3),IF(OR(DATE(M$3,12,31) < MIN(Date),DATE(M$3,1,1)>MAX(Date)), "-", MIN(DATE(M$3,12,31),_xlpm.calc)),_xlpm.calc))} -> #NAME? | N5: =IF(ref!$B$2=1,"",_xlfn.CONCAT("Sample represents ",TEXT(ref!$B$2,"0%")," of class members.")) | Q5: =IF(IFERROR(SEARCH("(",E5),0)=0,"",VALUE(SUBSTITUTE(RIGHT(E5,LEN(E5)-SEARCH("(",E5)),")",""))) | R5: =IF(U5="","",SUM(V5:AB5)-U5) | S5: =IF($C5="","",IF(OR(IFERROR(SEARCH("min wage",LOWER($C5)),0)>0, IFERROR(SEARCH(" per ",LOWER($C5)),0)>0, IFERROR(SEARCH("penalt",LOWER($C5)),0)>0,IFERROR(SEARCH("total",LOWER($C5)),0)>0,IFERROR(SEARCH("interest",LOWER($C5)),0)>0,IFERROR(SEARCH("date",LOWER($C5)),0)>0,IFERROR(SEARCH("employee",LOWER($C5)),0)>0,IFERROR(SEARCH("average",LOWER($C5)),0)>0,IFERROR(SEARCH("median",LOWER($C5)),0)>0),"",1)) | T5: =IF($S5<>1,"",IF(IFERROR(SEARCH("(",D5),0)=0,D5,VALUE(TRIM(LEFT(D5,SEARCH(" (",D5)))))) | U5: =IF($S5<>1,"",IF(IFERROR(SEARCH("(",E5),0)=0,E5,VALUE(TRIM(LEFT(E5,SEARCH(" (",E5)))))) | V5: =IF($S5<>1,"",IF(IFERROR(SEARCH("(",F5),0)=0,F5,VALUE(TRIM(LEFT(F5,SEARCH(" (",F5)))))) | W5: =IF($S5<>1,"",IF(IFERROR(SEARCH("(",G5),0)=0,G5,VALUE(TRIM(LEFT(G5,SEARCH(" (",G5)))))) | X5: =IF($S5<>1,"",IF(IFERROR(SEARCH("(",H5),0)=0,H5,VALUE(TRIM(LEFT(H5,SEARCH(" (",H5)))))) | Y5: =IF($S5<>1,"",IF(IFERROR(SEARCH("(",I5),0)=0,I5,VALUE(TRIM(LEFT(I5,SEARCH(" (",I5)))))) | Z5: =IF($S5<>1,"",IF(IFERROR(SEARCH("(",J5),0)=0,J5,VALUE(TRIM(LEFT(J5,SEARCH(" (",J5)))))) | AA5: =IF($S5<>1,"",IF(IFERROR(SEARCH("(",K5),0)=0,K5,VALUE(TRIM(LEFT(K5,SEARCH(" (",K5)))))) | ... AC5: =IF($S5<>1,"",IF(IFERROR(SEARCH("(",M5),0)=0,M5,VALUE(TRIM(LEFT(M5,SEARCH(" (",M5))))))
C6: Employees | D6: =E6*ref!$B$4 -> 0 | E6: {=IFERROR(ROWS(_xlfn.UNIQUE(_xlfn._xlws.FILTER(ID,(Date >= E$4) * (Date <= E$5) * (IFERROR(SEARCH(E$1, Key_Gps),0)>0)))),0)} -> 0 | F6: {=IFERROR(ROWS(_xlfn.UNIQUE(_xlfn._xlws.FILTER(ID,(Date >= F$4) * (Date <= F$5) * (IFERROR(SEARCH(F$1, Key_Gps),0)>0)))),0)} -> 0 | G6: {=IFERROR(ROWS(_xlfn.UNIQUE(_xlfn._xlws.FILTER(ID,(Date >= G$4) * (Date <= G$5) * (IFERROR(SEARCH(G$1, Key_Gps),0)>0)))),0)} -> 0 | H6: {=IFERROR(ROWS(_xlfn.UNIQUE(_xlfn._xlws.FILTER(ID,(Date >= H$4) * (Date <= H$5) * (IFERROR(SEARCH(H$1, Key_Gps),0)>0)))),0)} -> 0 | I6: {=IFERROR(ROWS(_xlfn.UNIQUE(_xlfn._xlws.FILTER(ID,(Date >= I$4) * (Date <= I$5) * (IFERROR(SEARCH(I$1, Key_Gps),0)>0)))),0)} -> 0 | J6: {=IFERROR(ROWS(_xlfn.UNIQUE(_xlfn._xlws.FILTER(ID,(Date >= J$4) * (Date <= J$5) * (IFERROR(SEARCH(J$1, Key_Gps),0)>0)))),0)} -> 0 | K6: {=IFERROR(ROWS(_xlfn.UNIQUE(_xlfn._xlws.FILTER(ID,(Date >= K$4) * (Date <= K$5) * (IFERROR(SEARCH(K$1, Key_Gps),0)>0)))),0)} -> 0 | L6: {=IFERROR(ROWS(_xlfn.UNIQUE(_xlfn._xlws.FILTER(ID,(Date >= L$4) * (Date <= L$5) * (IFERROR(SEARCH(L$1, Key_Gps),0)>0)))),0)} -> 0 | M6: {=IFERROR(ROWS(_xlfn.UNIQUE(_xlfn._xlws.FILTER(ID,(Date >= M$4) * (Date <= M$5) * (IFERROR(SEARCH(M$1, Key_Gps),0)>0)))),0)} -> 0 | N6: Values provided by defense counsel. | Q6: =IF(IFERROR(SEARCH("(",E6),0)=0,"",VALUE(SUBSTITUTE(RIGHT(E6,LEN(E6)-SEARCH("(",E6)),")",""))) | R6: =IF(U6="","",SUM(V6:AB6)-U6) | S6: =IF($C6="","",IF(OR(IFERROR(SEARCH("min wage",LOWER($C6)),0)>0, IFERROR(SEARCH(" per ",LOWER($C6)),0)>0, IFERROR(SEARCH("penalt",LOWER($C6)),0)>0,IFERROR(SEARCH("total",LOWER($C6)),0)>0,IFERROR(SEARCH("interest",LOWER($C6)),0)>0,IFERROR(SEARCH("date",LOWER($C6)),0)>0,IFERROR(SEARCH("employee",LOWER($C6)),0)>0,IFERROR(SEARCH("average",LOWER($C6)),0)>0,IFERROR(SEARCH("median",LOWER($C6)),0)>0),"",1)) | T6: =IF($S6<>1,"",IF(IFERROR(SEARCH("(",D6),0)=0,D6,VALUE(TRIM(LEFT(D6,SEARCH(" (",D6)))))) | U6: =IF($S6<>1,"",IF(IFERROR(SEARCH("(",E6),0)=0,E6,VALUE(TRIM(LEFT(E6,SEARCH(" (",E6)))))) | V6: =IF($S6<>1,"",IF(IFERROR(SEARCH("(",F6),0)=0,F6,VALUE(TRIM(LEFT(F6,SEARCH(" (",F6)))))) | W6: =IF($S6<>1,"",IF(IFERROR(SEARCH("(",G6),0)=0,G6,VALUE(TRIM(LEFT(G6,SEARCH(" (",G6)))))) | X6: =IF($S6<>1,"",IF(IFERROR(SEARCH("(",H6),0)=0,H6,VALUE(TRIM(LEFT(H6,SEARCH(" (",H6)))))) | Y6: =IF($S6<>1,"",IF(IFERROR(SEARCH("(",I6),0)=0,I6,VALUE(TRIM(LEFT(I6,SEARCH(" (",I6)))))) | Z6: =IF($S6<>1,"",IF(IFERROR(SEARCH("(",J6),0)=0,J6,VALUE(TRIM(LEFT(J6,SEARCH(" (",J6)))))) | AA6: =IF($S6<>1,"",IF(IFERROR(SEARCH("(",K6),0)=0,K6,VALUE(TRIM(LEFT(K6,SEARCH(" (",K6)))))) | ... AC6: =IF($S6<>1,"",IF(IFERROR(SEARCH("(",M6),0)=0,M6,VALUE(TRIM(LEFT(M6,SEARCH(" (",M6))))))
C7: Pay periods | D7: =ROUND((E7*ref!$B$4)/ref!$B$5,0) -> #NAME? | E7: {=IFERROR(ROWS(_xlfn.UNIQUE(_xlfn._xlws.FILTER(ID_Period_End,(Period_End >= E$4) * (Period_End <= E$5) * (IFERROR(SEARCH(E$1, Key_Gps),0)>0)))),0)} -> 0 | F7: {=IFERROR(ROWS(_xlfn.UNIQUE(_xlfn._xlws.FILTER(ID_Period_End,(Period_End >= F$4) * (Period_End <= F$5) * (IFERROR(SEARCH(F$1, Key_Gps),0)>0)))),0)} -> 0 | G7: {=IFERROR(ROWS(_xlfn.UNIQUE(_xlfn._xlws.FILTER(ID_Period_End,(Period_End >= G$4) * (Period_End <= G$5) * (IFERROR(SEARCH(G$1, Key_Gps),0)>0)))),0)} -> 0 | H7: {=IFERROR(ROWS(_xlfn.UNIQUE(_xlfn._xlws.FILTER(ID_Period_End,(Period_End >= H$4) * (Period_End <= H$5) * (IFERROR(SEARCH(H$1, Key_Gps),0)>0)))),0)} -> 0 | I7: {=IFERROR(ROWS(_xlfn.UNIQUE(_xlfn._xlws.FILTER(ID_Period_End,(Period_End >= I$4) * (Period_End <= I$5) * (IFERROR(SEARCH(I$1, Key_Gps),0)>0)))),0)} -> 0 | J7: {=IFERROR(ROWS(_xlfn.UNIQUE(_xlfn._xlws.FILTER(ID_Period_End,(Period_End >= J$4) * (Period_End <= J$5) * (IFERROR(SEARCH(J$1, Key_Gps),0)>0)))),0)} -> 0 | K7: {=IFERROR(ROWS(_xlfn.UNIQUE(_xlfn._xlws.FILTER(ID_Period_End,(Period_End >= K$4) * (Period_End <= K$5) * (IFERROR(SEARCH(K$1, Key_Gps),0)>0)))),0)} -> 0 | L7: {=IFERROR(ROWS(_xlfn.UNIQUE(_xlfn._xlws.FILTER(ID_Period_End,(Period_End >= L$4) * (Period_End <= L$5) * (IFERROR(SEARCH(L$1, Key_Gps),0)>0)))),0)} -> 0 | M7: {=IFERROR(ROWS(_xlfn.UNIQUE(_xlfn._xlws.FILTER(ID_Period_End,(Period_End >= M$4) * (Period_End <= M$5) * (IFERROR(SEARCH(M$1, Key_Gps),0)>0)))),0)} -> 0 | N7: =IFERROR(IF(E7/E8>1.25,"ERROR-REVIEW PAY SCHEDULE AND WEEKS!",IF(E7/E8>0.9,"Pay schedule is weekly.",IF(E7/E8<0.45,"Pay schedule is bimonthly.","Pay schedule is biweekly."))),"ERROR") -> ERROR | Q7: =IF(IFERROR(SEARCH("(",E7),0)=0,"",VALUE(SUBSTITUTE(RIGHT(E7,LEN(E7)-SEARCH("(",E7)),")",""))) | R7: =IF(U7="","",SUM(V7:AB7)-U7) -> 0 | S7: =IF($C7="","",IF(OR(IFERROR(SEARCH("min wage",LOWER($C7)),0)>0, IFERROR(SEARCH(" per ",LOWER($C7)),0)>0, IFERROR(SEARCH("penalt",LOWER($C7)),0)>0,IFERROR(SEARCH("total",LOWER($C7)),0)>0,IFERROR(SEARCH("interest",LOWER($C7)),0)>0,IFERROR(SEARCH("date",LOWER($C7)),0)>0,IFERROR(SEARCH("employee",LOWER($C7)),0)>0,IFERROR(SEARCH("average",LOWER($C7)),0)>0,IFERROR(SEARCH("median",LOWER($C7)),0)>0),"",1)) -> 1 | T7: =IF($S7<>1,"",IF(IFERROR(SEARCH("(",D7),0)=0,D7,VALUE(TRIM(LEFT(D7,SEARCH(" (",D7)))))) -> #NAME? | U7: =IF($S7<>1,"",IF(IFERROR(SEARCH("(",E7),0)=0,E7,VALUE(TRIM(LEFT(E7,SEARCH(" (",E7)))))) -> 0 | V7: =IF($S7<>1,"",IF(IFERROR(SEARCH("(",F7),0)=0,F7,VALUE(TRIM(LEFT(F7,SEARCH(" (",F7)))))) -> 0 | W7: =IF($S7<>1,"",IF(IFERROR(SEARCH("(",G7),0)=0,G7,VALUE(TRIM(LEFT(G7,SEARCH(" (",G7)))))) -> 0 | X7: =IF($S7<>1,"",IF(IFERROR(SEARCH("(",H7),0)=0,H7,VALUE(TRIM(LEFT(H7,SEARCH(" (",H7)))))) -> 0 | Y7: =IF($S7<>1,"",IF(IFERROR(SEARCH("(",I7),0)=0,I7,VALUE(TRIM(LEFT(I7,SEARCH(" (",I7)))))) -> 0 | Z7: =IF($S7<>1,"",IF(IFERROR(SEARCH("(",J7),0)=0,J7,VALUE(TRIM(LEFT(J7,SEARCH(" (",J7)))))) -> 0 | AA7: =IF($S7<>1,"",IF(IFERROR(SEARCH("(",K7),0)=0,K7,VALUE(TRIM(LEFT(K7,SEARCH(" (",K7)))))) -> 0 | ... AC7: =IF($S7<>1,"",IF(IFERROR(SEARCH("(",M7),0)=0,M7,VALUE(TRIM(LEFT(M7,SEARCH(" (",M7)))))) -> 0
C8: Weeks | D8: =ROUND((E8*ref!$B$4)/ref!$B$5,0) -> #NAME? | E8: {=SUMIFS(week,Date,">="&E$4,Date,"<="&E$5,Key_Gps,"*"&E$1&"*")} -> #NAME? | F8: {=SUMIFS(week,Date,">="&F$4,Date,"<="&F$5,Key_Gps,"*"&F$1&"*")} -> #NAME? | G8: {=SUMIFS(week,Date,">="&G$4,Date,"<="&G$5,Key_Gps,"*"&G$1&"*")} -> #NAME? | H8: {=SUMIFS(week,Date,">="&H$4,Date,"<="&H$5,Key_Gps,"*"&H$1&"*")} -> #NAME? | I8: {=SUMIFS(week,Date,">="&I$4,Date,"<="&I$5,Key_Gps,"*"&I$1&"*")} -> #NAME? | J8: {=SUMIFS(week,Date,">="&J$4,Date,"<="&J$5,Key_Gps,"*"&J$1&"*")} -> #NAME? | K8: {=SUMIFS(week,Date,">="&K$4,Date,"<="&K$5,Key_Gps,"*"&K$1&"*")} -> #NAME? | L8: {=SUMIFS(week,Date,">="&L$4,Date,"<="&L$5,Key_Gps,"*"&L$1&"*")} -> #NAME? | M8: {=SUMIFS(week,Date,">="&M$4,Date,"<="&M$5,Key_Gps,"*"&M$1&"*")} -> #NAME? | Q8: =IF(IFERROR(SEARCH("(",E8),0)=0,"",VALUE(SUBSTITUTE(RIGHT(E8,LEN(E8)-SEARCH("(",E8)),")",""))) | R8: =IF(U8="","",SUM(V8:AB8)-U8) -> #NAME? | S8: =IF($C8="","",IF(OR(IFERROR(SEARCH("min wage",LOWER($C8)),0)>0, IFERROR(SEARCH(" per ",LOWER($C8)),0)>0, IFERROR(SEARCH("penalt",LOWER($C8)),0)>0,IFERROR(SEARCH("total",LOWER($C8)),0)>0,IFERROR(SEARCH("interest",LOWER($C8)),0)>0,IFERROR(SEARCH("date",LOWER($C8)),0)>0,IFERROR(SEARCH("employee",LOWER($C8)),0)>0,IFERROR(SEARCH("average",LOWER($C8)),0)>0,IFERROR(SEARCH("median",LOWER($C8)),0)>0),"",1)) -> 1 | T8: =IF($S8<>1,"",IF(IFERROR(SEARCH("(",D8),0)=0,D8,VALUE(TRIM(LEFT(D8,SEARCH(" (",D8)))))) -> #NAME? | U8: =IF($S8<>1,"",IF(IFERROR(SEARCH("(",E8),0)=0,E8,VALUE(TRIM(LEFT(E8,SEARCH(" (",E8)))))) -> #NAME? | V8: =IF($S8<>1,"",IF(IFERROR(SEARCH("(",F8),0)=0,F8,VALUE(TRIM(LEFT(F8,SEARCH(" (",F8)))))) -> #NAME? | W8: =IF($S8<>1,"",IF(IFERROR(SEARCH("(",G8),0)=0,G8,VALUE(TRIM(LEFT(G8,SEARCH(" (",G8)))))) -> #NAME? | X8: =IF($S8<>1,"",IF(IFERROR(SEARCH("(",H8),0)=0,H8,VALUE(TRIM(LEFT(H8,SEARCH(" (",H8)))))) -> #NAME? | Y8: =IF($S8<>1,"",IF(IFERROR(SEARCH("(",I8),0)=0,I8,VALUE(TRIM(LEFT(I8,SEARCH(" (",I8)))))) -> #NAME? | Z8: =IF($S8<>1,"",IF(IFERROR(SEARCH("(",J8),0)=0,J8,VALUE(TRIM(LEFT(J8,SEARCH(" (",J8)))))) -> #NAME? | AA8: =IF($S8<>1,"",IF(IFERROR(SEARCH("(",K8),0)=0,K8,VALUE(TRIM(LEFT(K8,SEARCH(" (",K8)))))) -> #NAME? | ... AC8: =IF($S8<>1,"",IF(IFERROR(SEARCH("(",M8),0)=0,M8,VALUE(TRIM(LEFT(M8,SEARCH(" (",M8)))))) -> #NAME?
C9: Shifts | D9: =ROUND($E$10*D$8,0) -> #VALUE! | E9: {=COUNTIFS(Date,">="&E$4,Date,"<="&E$5,Key_Gps,"*"&E$1&"*")} -> #NAME? | F9: {=COUNTIFS(Date,">="&F$4,Date,"<="&F$5,Key_Gps,"*"&F$1&"*")} -> #NAME? | G9: {=COUNTIFS(Date,">="&G$4,Date,"<="&G$5,Key_Gps,"*"&G$1&"*")} -> #NAME? | H9: {=COUNTIFS(Date,">="&H$4,Date,"<="&H$5,Key_Gps,"*"&H$1&"*")} -> #NAME? | I9: {=COUNTIFS(Date,">="&I$4,Date,"<="&I$5,Key_Gps,"*"&I$1&"*")} -> #NAME? | J9: {=COUNTIFS(Date,">="&J$4,Date,"<="&J$5,Key_Gps,"*"&J$1&"*")} -> #NAME? | K9: {=COUNTIFS(Date,">="&K$4,Date,"<="&K$5,Key_Gps,"*"&K$1&"*")} -> #NAME? | L9: {=COUNTIFS(Date,">="&L$4,Date,"<="&L$5,Key_Gps,"*"&L$1&"*")} -> #NAME? | M9: {=COUNTIFS(Date,">="&M$4,Date,"<="&M$5,Key_Gps,"*"&M$1&"*")} -> #NAME? | Q9: =IF(IFERROR(SEARCH("(",E9),0)=0,"",VALUE(SUBSTITUTE(RIGHT(E9,LEN(E9)-SEARCH("(",E9)),")",""))) | R9: =IF(U9="","",SUM(V9:AB9)-U9) -> #NAME? | S9: =IF($C9="","",IF(OR(IFERROR(SEARCH("min wage",LOWER($C9)),0)>0, IFERROR(SEARCH(" per ",LOWER($C9)),0)>0, IFERROR(SEARCH("penalt",LOWER($C9)),0)>0,IFERROR(SEARCH("total",LOWER($C9)),0)>0,IFERROR(SEARCH("interest",LOWER($C9)),0)>0,IFERROR(SEARCH("date",LOWER($C9)),0)>0,IFERROR(SEARCH("employee",LOWER($C9)),0)>0,IFERROR(SEARCH("average",LOWER($C9)),0)>0,IFERROR(SEARCH("median",LOWER($C9)),0)>0),"",1)) -> 1 | T9: =IF($S9<>1,"",IF(IFERROR(SEARCH("(",D9),0)=0,D9,VALUE(TRIM(LEFT(D9,SEARCH(" (",D9)))))) -> #VALUE! | U9: =IF($S9<>1,"",IF(IFERROR(SEARCH("(",E9),0)=0,E9,VALUE(TRIM(LEFT(E9,SEARCH(" (",E9)))))) -> #NAME? | V9: =IF($S9<>1,"",IF(IFERROR(SEARCH("(",F9),0)=0,F9,VALUE(TRIM(LEFT(F9,SEARCH(" (",F9)))))) -> #NAME? | W9: =IF($S9<>1,"",IF(IFERROR(SEARCH("(",G9),0)=0,G9,VALUE(TRIM(LEFT(G9,SEARCH(" (",G9)))))) -> #NAME? | X9: =IF($S9<>1,"",IF(IFERROR(SEARCH("(",H9),0)=0,H9,VALUE(TRIM(LEFT(H9,SEARCH(" (",H9)))))) -> #NAME? | Y9: =IF($S9<>1,"",IF(IFERROR(SEARCH("(",I9),0)=0,I9,VALUE(TRIM(LEFT(I9,SEARCH(" (",I9)))))) -> #NAME? | Z9: =IF($S9<>1,"",IF(IFERROR(SEARCH("(",J9),0)=0,J9,VALUE(TRIM(LEFT(J9,SEARCH(" (",J9)))))) -> #NAME? | AA9: =IF($S9<>1,"",IF(IFERROR(SEARCH("(",K9),0)=0,K9,VALUE(TRIM(LEFT(K9,SEARCH(" (",K9)))))) -> #NAME? | ... AC9: =IF($S9<>1,"",IF(IFERROR(SEARCH("(",M9),0)=0,M9,VALUE(TRIM(LEFT(M9,SEARCH(" (",M9)))))) -> #NAME?
C10: Shifts per workweek | D10: =IFERROR(D9/D8,"-") -> - | E10: =IFERROR(E9/E8,"-") -> - | F10: =IFERROR(F9/F8,"-") -> - | G10: =IFERROR(G9/G8,"-") -> - | H10: =IFERROR(H9/H8,"-") -> - | I10: =IFERROR(I9/I8,"-") -> - | J10: =IFERROR(J9/J8,"-") -> - | K10: =IFERROR(K9/K8,"-") -> - | ... M10: =IFERROR(M9/M8,"-") -> - | Q10: =IF(IFERROR(SEARCH("(",E10),0)=0,"",VALUE(SUBSTITUTE(RIGHT(E10,LEN(E10)-SEARCH("(",E10)),")",""))) | R10: =IF(U10="","",SUM(V10:AB10)-U10) | S10: =IF($C10="","",IF(OR(IFERROR(SEARCH("min wage",LOWER($C10)),0)>0, IFERROR(SEARCH(" per ",LOWER($C10)),0)>0, IFERROR(SEARCH("penalt",LOWER($C10)),0)>0,IFERROR(SEARCH("total",LOWER($C10)),0)>0,IFERROR(SEARCH("interest",LOWER($C10)),0)>0,IFERROR(SEARCH("date",LOWER($C10)),0)>0,IFERROR(SEARCH("employee",LOWER($C10)),0)>0,IFERROR(SEARCH("average",LOWER($C10)),0)>0,IFERROR(SEARCH("median",LOWER($C10)),0)>0),"",1)) | T10: =IF($S10<>1,"",IF(IFERROR(SEARCH("(",D10),0)=0,D10,VALUE(TRIM(LEFT(D10,SEARCH(" (",D10)))))) | U10: =IF($S10<>1,"",IF(IFERROR(SEARCH("(",E10),0)=0,E10,VALUE(TRIM(LEFT(E10,SEARCH(" (",E10)))))) | V10: =IF($S10<>1,"",IF(IFERROR(SEARCH("(",F10),0)=0,F10,VALUE(TRIM(LEFT(F10,SEARCH(" (",F10)))))) | W10: =IF($S10<>1,"",IF(IFERROR(SEARCH("(",G10),0)=0,G10,VALUE(TRIM(LEFT(G10,SEARCH(" (",G10)))))) | X10: =IF($S10<>1,"",IF(IFERROR(SEARCH("(",H10),0)=0,H10,VALUE(TRIM(LEFT(H10,SEARCH(" (",H10)))))) | Y10: =IF($S10<>1,"",IF(IFERROR(SEARCH("(",I10),0)=0,I10,VALUE(TRIM(LEFT(I10,SEARCH(" (",I10)))))) | Z10: =IF($S10<>1,"",IF(IFERROR(SEARCH("(",J10),0)=0,J10,VALUE(TRIM(LEFT(J10,SEARCH(" (",J10)))))) | AA10: =IF($S10<>1,"",IF(IFERROR(SEARCH("(",K10),0)=0,K10,VALUE(TRIM(LEFT(K10,SEARCH(" (",K10)))))) | ... AC10: =IF($S10<>1,"",IF(IFERROR(SEARCH("(",M10),0)=0,M10,VALUE(TRIM(LEFT(M10,SEARCH(" (",M10))))))
C11: Average shift length | D11: =E11 -> - | E11: {=IFERROR(AVERAGEIFS(shift_hrs, Date,">="&E$4,Date,"<="&E$5,Key_Gps,"*"&E$1&"*"),"-")} -> - | F11: {=IFERROR(AVERAGEIFS(shift_hrs, Date,">="&F$4,Date,"<="&F$5,Key_Gps,"*"&F$1&"*"),"-")} -> - | G11: {=IFERROR(AVERAGEIFS(shift_hrs, Date,">="&G$4,Date,"<="&G$5,Key_Gps,"*"&G$1&"*"),"-")} -> - | H11: {=IFERROR(AVERAGEIFS(shift_hrs, Date,">="&H$4,Date,"<="&H$5,Key_Gps,"*"&H$1&"*"),"-")} -> - | I11: {=IFERROR(AVERAGEIFS(shift_hrs, Date,">="&I$4,Date,"<="&I$5,Key_Gps,"*"&I$1&"*"),"-")} -> - | J11: {=IFERROR(AVERAGEIFS(shift_hrs, Date,">="&J$4,Date,"<="&J$5,Key_Gps,"*"&J$1&"*"),"-")} -> - | K11: {=IFERROR(AVERAGEIFS(shift_hrs, Date,">="&K$4,Date,"<="&K$5,Key_Gps,"*"&K$1&"*"),"-")} -> - | L11: {=IFERROR(AVERAGEIFS(shift_hrs, Date,">="&L$4,Date,"<="&L$5,Key_Gps,"*"&L$1&"*"),"-")} -> - | M11: {=IFERROR(AVERAGEIFS(shift_hrs, Date,">="&M$4,Date,"<="&M$5,Key_Gps,"*"&M$1&"*"),"-")} -> - | Q11: =IF(IFERROR(SEARCH("(",E11),0)=0,"",VALUE(SUBSTITUTE(RIGHT(E11,LEN(E11)-SEARCH("(",E11)),")",""))) | R11: =IF(U11="","",SUM(V11:AB11)-U11) | S11: =IF($C11="","",IF(OR(IFERROR(SEARCH("min wage",LOWER($C11)),0)>0, IFERROR(SEARCH(" per ",LOWER($C11)),0)>0, IFERROR(SEARCH("penalt",LOWER($C11)),0)>0,IFERROR(SEARCH("total",LOWER($C11)),0)>0,IFERROR(SEARCH("interest",LOWER($C11)),0)>0,IFERROR(SEARCH("date",LOWER($C11)),0)>0,IFERROR(SEARCH("employee",LOWER($C11)),0)>0,IFERROR(SEARCH("average",LOWER($C11)),0)>0,IFERROR(SEARCH("median",LOWER($C11)),0)>0),"",1)) | T11: =IF($S11<>1,"",IF(IFERROR(SEARCH("(",D11),0)=0,D11,VALUE(TRIM(LEFT(D11,SEARCH(" (",D11)))))) | U11: =IF($S11<>1,"",IF(IFERROR(SEARCH("(",E11),0)=0,E11,VALUE(TRIM(LEFT(E11,SEARCH(" (",E11)))))) | V11: =IF($S11<>1,"",IF(IFERROR(SEARCH("(",F11),0)=0,F11,VALUE(TRIM(LEFT(F11,SEARCH(" (",F11)))))) | W11: =IF($S11<>1,"",IF(IFERROR(SEARCH("(",G11),0)=0,G11,VALUE(TRIM(LEFT(G11,SEARCH(" (",G11)))))) | X11: =IF($S11<>1,"",IF(IFERROR(SEARCH("(",H11),0)=0,H11,VALUE(TRIM(LEFT(H11,SEARCH(" (",H11)))))) | Y11: =IF($S11<>1,"",IF(IFERROR(SEARCH("(",I11),0)=0,I11,VALUE(TRIM(LEFT(I11,SEARCH(" (",I11)))))) | Z11: =IF($S11<>1,"",IF(IFERROR(SEARCH("(",J11),0)=0,J11,VALUE(TRIM(LEFT(J11,SEARCH(" (",J11)))))) | AA11: =IF($S11<>1,"",IF(IFERROR(SEARCH("(",K11),0)=0,K11,VALUE(TRIM(LEFT(K11,SEARCH(" (",K11)))))) | ... AC11: =IF($S11<>1,"",IF(IFERROR(SEARCH("(",M11),0)=0,M11,VALUE(TRIM(LEFT(M11,SEARCH(" (",M11))))))
C12: Median shift length | D12: =E12 -> - | E12: {=IFERROR(MEDIAN(IF((Date >= E$4) * (Date <= E$5) * (IFERROR(SEARCH(E$1, Key_Gps),0)>0),shift_hrs)),"-")} -> - | F12: {=IFERROR(MEDIAN(IF((Date >= F$4) * (Date <= F$5) * (IFERROR(SEARCH(F$1, Key_Gps),0)>0),shift_hrs)),"-")} -> - | G12: {=IFERROR(MEDIAN(IF((Date >= G$4) * (Date <= G$5) * (IFERROR(SEARCH(G$1, Key_Gps),0)>0),shift_hrs)),"-")} -> - | H12: {=IFERROR(MEDIAN(IF((Date >= H$4) * (Date <= H$5) * (IFERROR(SEARCH(H$1, Key_Gps),0)>0),shift_hrs)),"-")} -> - | I12: {=IFERROR(MEDIAN(IF((Date >= I$4) * (Date <= I$5) * (IFERROR(SEARCH(I$1, Key_Gps),0)>0),shift_hrs)),"-")} -> - | J12: {=IFERROR(MEDIAN(IF((Date >= J$4) * (Date <= J$5) * (IFERROR(SEARCH(J$1, Key_Gps),0)>0),shift_hrs)),"-")} -> - | K12: {=IFERROR(MEDIAN(IF((Date >= K$4) * (Date <= K$5) * (IFERROR(SEARCH(K$1, Key_Gps),0)>0),shift_hrs)),"-")} -> - | L12: {=IFERROR(MEDIAN(IF((Date >= L$4) * (Date <= L$5) * (IFERROR(SEARCH(L$1, Key_Gps),0)>0),shift_hrs)),"-")} -> - | M12: {=IFERROR(MEDIAN(IF((Date >= M$4) * (Date <= M$5) * (IFERROR(SEARCH(M$1, Key_Gps),0)>0),shift_hrs)),"-")} -> - | Q12: =IF(IFERROR(SEARCH("(",E12),0)=0,"",VALUE(SUBSTITUTE(RIGHT(E12,LEN(E12)-SEARCH("(",E12)),")",""))) | R12: =IF(U12="","",SUM(V12:AB12)-U12) | S12: =IF($C12="","",IF(OR(IFERROR(SEARCH("min wage",LOWER($C12)),0)>0, IFERROR(SEARCH(" per ",LOWER($C12)),0)>0, IFERROR(SEARCH("penalt",LOWER($C12)),0)>0,IFERROR(SEARCH("total",LOWER($C12)),0)>0,IFERROR(SEARCH("interest",LOWER($C12)),0)>0,IFERROR(SEARCH("date",LOWER($C12)),0)>0,IFERROR(SEARCH("employee",LOWER($C12)),0)>0,IFERROR(SEARCH("average",LOWER($C12)),0)>0,IFERROR(SEARCH("median",LOWER($C12)),0)>0),"",1)) | T12: =IF($S12<>1,"",IF(IFERROR(SEARCH("(",D12),0)=0,D12,VALUE(TRIM(LEFT(D12,SEARCH(" (",D12)))))) | U12: =IF($S12<>1,"",IF(IFERROR(SEARCH("(",E12),0)=0,E12,VALUE(TRIM(LEFT(E12,SEARCH(" (",E12)))))) | V12: =IF($S12<>1,"",IF(IFERROR(SEARCH("(",F12),0)=0,F12,VALUE(TRIM(LEFT(F12,SEARCH(" (",F12)))))) | W12: =IF($S12<>1,"",IF(IFERROR(SEARCH("(",G12),0)=0,G12,VALUE(TRIM(LEFT(G12,SEARCH(" (",G12)))))) | X12: =IF($S12<>1,"",IF(IFERROR(SEARCH("(",H12),0)=0,H12,VALUE(TRIM(LEFT(H12,SEARCH(" (",H12)))))) | Y12: =IF($S12<>1,"",IF(IFERROR(SEARCH("(",I12),0)=0,I12,VALUE(TRIM(LEFT(I12,SEARCH(" (",I12)))))) | Z12: =IF($S12<>1,"",IF(IFERROR(SEARCH("(",J12),0)=0,J12,VALUE(TRIM(LEFT(J12,SEARCH(" (",J12)))))) | AA12: =IF($S12<>1,"",IF(IFERROR(SEARCH("(",K12),0)=0,K12,VALUE(TRIM(LEFT(K12,SEARCH(" (",K12)))))) | ... AC12: =IF($S12<>1,"",IF(IFERROR(SEARCH("(",M12),0)=0,M12,VALUE(TRIM(LEFT(M12,SEARCH(" (",M12))))))
C13: Shifts >3.5 hrs | D13: =_xlfn.LET(_xlpm.denom,D$9,_xlpm.calc,ROUND($Q13*_xlpm.denom,0),_xlpm.perc,_xlpm.calc/_xlpm.denom,IFERROR(IF(_xlpm.calc<1000,_xlfn.CONCAT(_xlpm.calc," (",TEXT(_xlpm.perc,"0.0%"),")"),_xlfn.CONCAT(TEXT(_xlpm.calc,"0,000")," (",TEXT(_xlpm.perc,"0.0%"),")")),"-")) -> - | E13: {=_xlfn.LET(_xlpm.denom,E$9,_xlpm.calc,COUNTIFS(Date,">="&E$4,Date,"<="&E$5,shift_hrs,">"&$P13,Key_Gps,"*"&E$1&"*"),_xlpm.perc,_xlpm.calc/_xlpm.denom,IFERROR(IF(_xlpm.calc<1000,_xlfn.CONCAT(_xlpm.calc," (",TEXT(_xlpm.perc,"0.0%"),")"),_xlfn.CONCAT(TEXT(_xlpm.calc,"0,000")," (",TEXT(_xlpm.perc,"0.0%"),")")),"-"))} -> - | F13: {=_xlfn.LET(_xlpm.denom,F$9,_xlpm.calc,COUNTIFS(Date,">="&F$4,Date,"<="&F$5,shift_hrs,">"&$P13,Key_Gps,"*"&F$1&"*"),_xlpm.perc,_xlpm.calc/_xlpm.denom,IFERROR(IF(_xlpm.calc<1000,_xlfn.CONCAT(_xlpm.calc," (",TEXT(_xlpm.perc,"0.0%"),")"),_xlfn.CONCAT(TEXT(_xlpm.calc,"0,000")," (",TEXT(_xlpm.perc,"0.0%"),")")),"-"))} -> - | G13: {=_xlfn.LET(_xlpm.denom,G$9,_xlpm.calc,COUNTIFS(Date,">="&G$4,Date,"<="&G$5,shift_hrs,">"&$P13,Key_Gps,"*"&G$1&"*"),_xlpm.perc,_xlpm.calc/_xlpm.denom,IFERROR(IF(_xlpm.calc<1000,_xlfn.CONCAT(_xlpm.calc," (",TEXT(_xlpm.perc,"0.0%"),")"),_xlfn.CONCAT(TEXT(_xlpm.calc,"0,000")," (",TEXT(_xlpm.perc,"0.0%"),")")),"-"))} -> - | H13: {=_xlfn.LET(_xlpm.denom,H$9,_xlpm.calc,COUNTIFS(Date,">="&H$4,Date,"<="&H$5,shift_hrs,">"&$P13,Key_Gps,"*"&H$1&"*"),_xlpm.perc,_xlpm.calc/_xlpm.denom,IFERROR(IF(_xlpm.calc<1000,_xlfn.CONCAT(_xlpm.calc," (",TEXT(_xlpm.perc,"0.0%"),")"),_xlfn.CONCAT(TEXT(_xlpm.calc,"0,000")," (",TEXT(_xlpm.perc,"0.0%"),")")),"-"))} -> - | I13: {=_xlfn.LET(_xlpm.denom,I$9,_xlpm.calc,COUNTIFS(Date,">="&I$4,Date,"<="&I$5,shift_hrs,">"&$P13,Key_Gps,"*"&I$1&"*"),_xlpm.perc,_xlpm.calc/_xlpm.denom,IFERROR(IF(_xlpm.calc<1000,_xlfn.CONCAT(_xlpm.calc," (",TEXT(_xlpm.perc,"0.0%"),")"),_xlfn.CONCAT(TEXT(_xlpm.calc,"0,000")," (",TEXT(_xlpm.perc,"0.0%"),")")),"-"))} -> - | J13: {=_xlfn.LET(_xlpm.denom,J$9,_xlpm.calc,COUNTIFS(Date,">="&J$4,Date,"<="&J$5,shift_hrs,">"&$P13,Key_Gps,"*"&J$1&"*"),_xlpm.perc,_xlpm.calc/_xlpm.denom,IFERROR(IF(_xlpm.calc<1000,_xlfn.CONCAT(_xlpm.calc," (",TEXT(_xlpm.perc,"0.0%"),")"),_xlfn.CONCAT(TEXT(_xlpm.calc,"0,000")," (",TEXT(_xlpm.perc,"0.0%"),")")),"-"))} -> - | K13: {=_xlfn.LET(_xlpm.denom,K$9,_xlpm.calc,COUNTIFS(Date,">="&K$4,Date,"<="&K$5,shift_hrs,">"&$P13,Key_Gps,"*"&K$1&"*"),_xlpm.perc,_xlpm.calc/_xlpm.denom,IFERROR(IF(_xlpm.calc<1000,_xlfn.CONCAT(_xlpm.calc," (",TEXT(_xlpm.perc,"0.0%"),")"),_xlfn.CONCAT(TEXT(_xlpm.calc,"0,000")," (",TEXT(_xlpm.perc,"0.0%"),")")),"-"))} -> - | L13: {=_xlfn.LET(_xlpm.denom,L$9,_xlpm.calc,COUNTIFS(Date,">="&L$4,Date,"<="&L$5,shift_hrs,">"&$P13,Key_Gps,"*"&L$1&"*"),_xlpm.perc,_xlpm.calc/_xlpm.denom,IFERROR(IF(_xlpm.calc<1000,_xlfn.CONCAT(_xlpm.calc," (",TEXT(_xlpm.perc,"0.0%"),")"),_xlfn.CONCAT(TEXT(_xlpm.calc,"0,000")," (",TEXT(_xlpm.perc,"0.0%"),")")),"-"))} -> - | M13: {=_xlfn.LET(_xlpm.denom,M$9,_xlpm.calc,COUNTIFS(Date,">="&M$4,Date,"<="&M$5,shift_hrs,">"&$P13,Key_Gps,"*"&M$1&"*"),_xlpm.perc,_xlpm.calc/_xlpm.denom,IFERROR(IF(_xlpm.calc<1000,_xlfn.CONCAT(_xlpm.calc," (",TEXT(_xlpm.perc,"0.0%"),")"),_xlfn.CONCAT(TEXT(_xlpm.calc,"0,000")," (",TEXT(_xlpm.perc,"0.0%"),")")),"-"))} -> - | N13: Percent of all shifts. | P13: 3.5 | Q13: =IF(IFERROR(SEARCH("(",E13),0)=0,"",VALUE(SUBSTITUTE(RIGHT(E13,LEN(E13)-SEARCH("(",E13)),")",""))) | R13: =IF(U13="","",SUM(V13:AB13)-U13) -> #VALUE! | S13: =IF($C13="","",IF(OR(IFERROR(SEARCH("min wage",LOWER($C13)),0)>0, IFERROR(SEARCH(" per ",LOWER($C13)),0)>0, IFERROR(SEARCH("penalt",LOWER($C13)),0)>0,IFERROR(SEARCH("total",LOWER($C13)),0)>0,IFERROR(SEARCH("interest",LOWER($C13)),0)>0,IFERROR(SEARCH("date",LOWER($C13)),0)>0,IFERROR(SEARCH("employee",LOWER($C13)),0)>0,IFERROR(SEARCH("average",LOWER($C13)),0)>0,IFERROR(SEARCH("median",LOWER($C13)),0)>0),"",1)) -> 1 | T13: =IF($S13<>1,"",IF(IFERROR(SEARCH("(",D13),0)=0,D13,VALUE(TRIM(LEFT(D13,SEARCH(" (",D13)))))) -> - | U13: =IF($S13<>1,"",IF(IFERROR(SEARCH("(",E13),0)=0,E13,VALUE(TRIM(LEFT(E13,SEARCH(" (",E13)))))) -> - | V13: =IF($S13<>1,"",IF(IFERROR(SEARCH("(",F13),0)=0,F13,VALUE(TRIM(LEFT(F13,SEARCH(" (",F13)))))) -> - | W13: =IF($S13<>1,"",IF(IFERROR(SEARCH("(",G13),0)=0,G13,VALUE(TRIM(LEFT(G13,SEARCH(" (",G13)))))) -> - | X13: =IF($S13<>1,"",IF(IFERROR(SEARCH("(",H13),0)=0,H13,VALUE(TRIM(LEFT(H13,SEARCH(" (",H13)))))) -> - | Y13: =IF($S13<>1,"",IF(IFERROR(SEARCH("(",I13),0)=0,I13,VALUE(TRIM(LEFT(I13,SEARCH(" (",I13)))))) -> - | Z13: =IF($S13<>1,"",IF(IFERROR(SEARCH("(",J13),0)=0,J13,VALUE(TRIM(LEFT(J13,SEARCH(" (",J13)))))) -> - | AA13: =IF($S13<>1,"",IF(IFERROR(SEARCH("(",K13),0)=0,K13,VALUE(TRIM(LEFT(K13,SEARCH(" (",K13)))))) -> - | ... AC13: =IF($S13<>1,"",IF(IFERROR(SEARCH("(",M13),0)=0,M13,VALUE(TRIM(LEFT(M13,SEARCH(" (",M13)))))) -> -
C14: Shifts >5 hrs | D14: =_xlfn.LET(_xlpm.denom,D$9,_xlpm.calc,ROUND($Q14*_xlpm.denom,0),_xlpm.perc,_xlpm.calc/_xlpm.denom,IFERROR(IF(_xlpm.calc<1000,_xlfn.CONCAT(_xlpm.calc," (",TEXT(_xlpm.perc,"0.0%"),")"),_xlfn.CONCAT(TEXT(_xlpm.calc,"0,000")," (",TEXT(_xlpm.perc,"0.0%"),")")),"-")) -> - | E14: {=_xlfn.LET(_xlpm.denom,E$9,_xlpm.calc,COUNTIFS(Date,">="&E$4,Date,"<="&E$5,shift_hrs,">"&$P14,Key_Gps,"*"&E$1&"*"),_xlpm.perc,_xlpm.calc/_xlpm.denom,IFERROR(IF(_xlpm.calc<1000,_xlfn.CONCAT(_xlpm.calc," (",TEXT(_xlpm.perc,"0.0%"),")"),_xlfn.CONCAT(TEXT(_xlpm.calc,"0,000")," (",TEXT(_xlpm.perc,"0.0%"),")")),"-"))} -> - | F14: {=_xlfn.LET(_xlpm.denom,F$9,_xlpm.calc,COUNTIFS(Date,">="&F$4,Date,"<="&F$5,shift_hrs,">"&$P14,Key_Gps,"*"&F$1&"*"),_xlpm.perc,_xlpm.calc/_xlpm.denom,IFERROR(IF(_xlpm.calc<1000,_xlfn.CONCAT(_xlpm.calc," (",TEXT(_xlpm.perc,"0.0%"),")"),_xlfn.CONCAT(TEXT(_xlpm.calc,"0,000")," (",TEXT(_xlpm.perc,"0.0%"),")")),"-"))} -> - | G14: {=_xlfn.LET(_xlpm.denom,G$9,_xlpm.calc,COUNTIFS(Date,">="&G$4,Date,"<="&G$5,shift_hrs,">"&$P14,Key_Gps,"*"&G$1&"*"),_xlpm.perc,_xlpm.calc/_xlpm.denom,IFERROR(IF(_xlpm.calc<1000,_xlfn.CONCAT(_xlpm.calc," (",TEXT(_xlpm.perc,"0.0%"),")"),_xlfn.CONCAT(TEXT(_xlpm.calc,"0,000")," (",TEXT(_xlpm.perc,"0.0%"),")")),"-"))} -> - | H14: {=_xlfn.LET(_xlpm.denom,H$9,_xlpm.calc,COUNTIFS(Date,">="&H$4,Date,"<="&H$5,shift_hrs,">"&$P14,Key_Gps,"*"&H$1&"*"),_xlpm.perc,_xlpm.calc/_xlpm.denom,IFERROR(IF(_xlpm.calc<1000,_xlfn.CONCAT(_xlpm.calc," (",TEXT(_xlpm.perc,"0.0%"),")"),_xlfn.CONCAT(TEXT(_xlpm.calc,"0,000")," (",TEXT(_xlpm.perc,"0.0%"),")")),"-"))} -> - | I14: {=_xlfn.LET(_xlpm.denom,I$9,_xlpm.calc,COUNTIFS(Date,">="&I$4,Date,"<="&I$5,shift_hrs,">"&$P14,Key_Gps,"*"&I$1&"*"),_xlpm.perc,_xlpm.calc/_xlpm.denom,IFERROR(IF(_xlpm.calc<1000,_xlfn.CONCAT(_xlpm.calc," (",TEXT(_xlpm.perc,"0.0%"),")"),_xlfn.CONCAT(TEXT(_xlpm.calc,"0,000")," (",TEXT(_xlpm.perc,"0.0%"),")")),"-"))} -> - | J14: {=_xlfn.LET(_xlpm.denom,J$9,_xlpm.calc,COUNTIFS(Date,">="&J$4,Date,"<="&J$5,shift_hrs,">"&$P14,Key_Gps,"*"&J$1&"*"),_xlpm.perc,_xlpm.calc/_xlpm.denom,IFERROR(IF(_xlpm.calc<1000,_xlfn.CONCAT(_xlpm.calc," (",TEXT(_xlpm.perc,"0.0%"),")"),_xlfn.CONCAT(TEXT(_xlpm.calc,"0,000")," (",TEXT(_xlpm.perc,"0.0%"),")")),"-"))} -> - | K14: {=_xlfn.LET(_xlpm.denom,K$9,_xlpm.calc,COUNTIFS(Date,">="&K$4,Date,"<="&K$5,shift_hrs,">"&$P14,Key_Gps,"*"&K$1&"*"),_xlpm.perc,_xlpm.calc/_xlpm.denom,IFERROR(IF(_xlpm.calc<1000,_xlfn.CONCAT(_xlpm.calc," (",TEXT(_xlpm.perc,"0.0%"),")"),_xlfn.CONCAT(TEXT(_xlpm.calc,"0,000")," (",TEXT(_xlpm.perc,"0.0%"),")")),"-"))} -> - | L14: {=_xlfn.LET(_xlpm.denom,L$9,_xlpm.calc,COUNTIFS(Date,">="&L$4,Date,"<="&L$5,shift_hrs,">"&$P14,Key_Gps,"*"&L$1&"*"),_xlpm.perc,_xlpm.calc/_xlpm.denom,IFERROR(IF(_xlpm.calc<1000,_xlfn.CONCAT(_xlpm.calc," (",TEXT(_xlpm.perc,"0.0%"),")"),_xlfn.CONCAT(TEXT(_xlpm.calc,"0,000")," (",TEXT(_xlpm.perc,"0.0%"),")")),"-"))} -> - | M14: {=_xlfn.LET(_xlpm.denom,M$9,_xlpm.calc,COUNTIFS(Date,">="&M$4,Date,"<="&M$5,shift_hrs,">"&$P14,Key_Gps,"*"&M$1&"*"),_xlpm.perc,_xlpm.calc/_xlpm.denom,IFERROR(IF(_xlpm.calc<1000,_xlfn.CONCAT(_xlpm.calc," (",TEXT(_xlpm.perc,"0.0%"),")"),_xlfn.CONCAT(TEXT(_xlpm.calc,"0,000")," (",TEXT(_xlpm.perc,"0.0%"),")")),"-"))} -> - | N14: Percent of all shifts. | P14: 5 | Q14: =IF(IFERROR(SEARCH("(",E14),0)=0,"",VALUE(SUBSTITUTE(RIGHT(E14,LEN(E14)-SEARCH("(",E14)),")",""))) | R14: =IF(U14="","",SUM(V14:AB14)-U14) -> #VALUE! | S14: =IF($C14="","",IF(OR(IFERROR(SEARCH("min wage",LOWER($C14)),0)>0, IFERROR(SEARCH(" per ",LOWER($C14)),0)>0, IFERROR(SEARCH("penalt",LOWER($C14)),0)>0,IFERROR(SEARCH("total",LOWER($C14)),0)>0,IFERROR(SEARCH("interest",LOWER($C14)),0)>0,IFERROR(SEARCH("date",LOWER($C14)),0)>0,IFERROR(SEARCH("employee",LOWER($C14)),0)>0,IFERROR(SEARCH("average",LOWER($C14)),0)>0,IFERROR(SEARCH("median",LOWER($C14)),0)>0),"",1)) -> 1 | T14: =IF($S14<>1,"",IF(IFERROR(SEARCH("(",D14),0)=0,D14,VALUE(TRIM(LEFT(D14,SEARCH(" (",D14)))))) -> - | U14: =IF($S14<>1,"",IF(IFERROR(SEARCH("(",E14),0)=0,E14,VALUE(TRIM(LEFT(E14,SEARCH(" (",E14)))))) -> - | V14: =IF($S14<>1,"",IF(IFERROR(SEARCH("(",F14),0)=0,F14,VALUE(TRIM(LEFT(F14,SEARCH(" (",F14)))))) -> - | W14: =IF($S14<>1,"",IF(IFERROR(SEARCH("(",G14),0)=0,G14,VALUE(TRIM(LEFT(G14,SEARCH(" (",G14)))))) -> - | X14: =IF($S14<>1,"",IF(IFERROR(SEARCH("(",H14),0)=0,H14,VALUE(TRIM(LEFT(H14,SEARCH(" (",H14)))))) -> - | Y14: =IF($S14<>1,"",IF(IFERROR(SEARCH("(",I14),0)=0,I14,VALUE(TRIM(LEFT(I14,SEARCH(" (",I14)))))) -> - | Z14: =IF($S14<>1,"",IF(IFERROR(SEARCH("(",J14),0)=0,J14,VALUE(TRIM(LEFT(J14,SEARCH(" (",J14)))))) -> - | AA14: =IF($S14<>1,"",IF(IFERROR(SEARCH("(",K14),0)=0,K14,VALUE(TRIM(LEFT(K14,SEARCH(" (",K14)))))) -> - | ... AC14: =IF($S14<>1,"",IF(IFERROR(SEARCH("(",M14),0)=0,M14,VALUE(TRIM(LEFT(M14,SEARCH(" (",M14)))))) -> -
C15: Shifts >5 hrs & <=6 hrs | D15: =_xlfn.LET(_xlpm.denom,D$9,_xlpm.calc,ROUND($Q15*_xlpm.denom,0),_xlpm.perc,_xlpm.calc/_xlpm.denom,IFERROR(IF(_xlpm.calc<1000,_xlfn.CONCAT(_xlpm.calc," (",TEXT(_xlpm.perc,"0.0%"),")"),_xlfn.CONCAT(TEXT(_xlpm.calc,"0,000")," (",TEXT(_xlpm.perc,"0.0%"),")")),"-")) -> - | E15: {=_xlfn.LET(_xlpm.denom,E$9,_xlpm.calc,COUNTIFS(Date,">="&E$4,Date,"<="&E$5,shift_hrs,">"&$P14,shift_hrs,"<="&$P15,Key_Gps,"*"&E$1&"*"),_xlpm.perc,_xlpm.calc/_xlpm.denom,IFERROR(IF(_xlpm.calc<1000,_xlfn.CONCAT(_xlpm.calc," (",TEXT(_xlpm.perc,"0.0%"),")"),_xlfn.CONCAT(TEXT(_xlpm.calc,"0,000")," (",TEXT(_xlpm.perc,"0.0%"),")")),"-"))} -> - | F15: {=_xlfn.LET(_xlpm.denom,F$9,_xlpm.calc,COUNTIFS(Date,">="&F$4,Date,"<="&F$5,shift_hrs,">"&$P14,shift_hrs,"<="&$P15,Key_Gps,"*"&F$1&"*"),_xlpm.perc,_xlpm.calc/_xlpm.denom,IFERROR(IF(_xlpm.calc<1000,_xlfn.CONCAT(_xlpm.calc," (",TEXT(_xlpm.perc,"0.0%"),")"),_xlfn.CONCAT(TEXT(_xlpm.calc,"0,000")," (",TEXT(_xlpm.perc,"0.0%"),")")),"-"))} -> - | G15: {=_xlfn.LET(_xlpm.denom,G$9,_xlpm.calc,COUNTIFS(Date,">="&G$4,Date,"<="&G$5,shift_hrs,">"&$P14,shift_hrs,"<="&$P15,Key_Gps,"*"&G$1&"*"),_xlpm.perc,_xlpm.calc/_xlpm.denom,IFERROR(IF(_xlpm.calc<1000,_xlfn.CONCAT(_xlpm.calc," (",TEXT(_xlpm.perc,"0.0%"),")"),_xlfn.CONCAT(TEXT(_xlpm.calc,"0,000")," (",TEXT(_xlpm.perc,"0.0%"),")")),"-"))} -> - | H15: {=_xlfn.LET(_xlpm.denom,H$9,_xlpm.calc,COUNTIFS(Date,">="&H$4,Date,"<="&H$5,shift_hrs,">"&$P14,shift_hrs,"<="&$P15,Key_Gps,"*"&H$1&"*"),_xlpm.perc,_xlpm.calc/_xlpm.denom,IFERROR(IF(_xlpm.calc<1000,_xlfn.CONCAT(_xlpm.calc," (",TEXT(_xlpm.perc,"0.0%"),")"),_xlfn.CONCAT(TEXT(_xlpm.calc,"0,000")," (",TEXT(_xlpm.perc,"0.0%"),")")),"-"))} -> - | I15: {=_xlfn.LET(_xlpm.denom,I$9,_xlpm.calc,COUNTIFS(Date,">="&I$4,Date,"<="&I$5,shift_hrs,">"&$P14,shift_hrs,"<="&$P15,Key_Gps,"*"&I$1&"*"),_xlpm.perc,_xlpm.calc/_xlpm.denom,IFERROR(IF(_xlpm.calc<1000,_xlfn.CONCAT(_xlpm.calc," (",TEXT(_xlpm.perc,"0.0%"),")"),_xlfn.CONCAT(TEXT(_xlpm.calc,"0,000")," (",TEXT(_xlpm.perc,"0.0%"),")")),"-"))} -> - | J15: {=_xlfn.LET(_xlpm.denom,J$9,_xlpm.calc,COUNTIFS(Date,">="&J$4,Date,"<="&J$5,shift_hrs,">"&$P14,shift_hrs,"<="&$P15,Key_Gps,"*"&J$1&"*"),_xlpm.perc,_xlpm.calc/_xlpm.denom,IFERROR(IF(_xlpm.calc<1000,_xlfn.CONCAT(_xlpm.calc," (",TEXT(_xlpm.perc,"0.0%"),")"),_xlfn.CONCAT(TEXT(_xlpm.calc,"0,000")," (",TEXT(_xlpm.perc,"0.0%"),")")),"-"))} -> - | K15: {=_xlfn.LET(_xlpm.denom,K$9,_xlpm.calc,COUNTIFS(Date,">="&K$4,Date,"<="&K$5,shift_hrs,">"&$P14,shift_hrs,"<="&$P15,Key_Gps,"*"&K$1&"*"),_xlpm.perc,_xlpm.calc/_xlpm.denom,IFERROR(IF(_xlpm.calc<1000,_xlfn.CONCAT(_xlpm.calc," (",TEXT(_xlpm.perc,"0.0%"),")"),_xlfn.CONCAT(TEXT(_xlpm.calc,"0,000")," (",TEXT(_xlpm.perc,"0.0%"),")")),"-"))} -> - | L15: {=_xlfn.LET(_xlpm.denom,L$9,_xlpm.calc,COUNTIFS(Date,">="&L$4,Date,"<="&L$5,shift_hrs,">"&$P14,shift_hrs,"<="&$P15,Key_Gps,"*"&L$1&"*"),_xlpm.perc,_xlpm.calc/_xlpm.denom,IFERROR(IF(_xlpm.calc<1000,_xlfn.CONCAT(_xlpm.calc," (",TEXT(_xlpm.perc,"0.0%"),")"),_xlfn.CONCAT(TEXT(_xlpm.calc,"0,000")," (",TEXT(_xlpm.perc,"0.0%"),")")),"-"))} -> - | M15: {=_xlfn.LET(_xlpm.denom,M$9,_xlpm.calc,COUNTIFS(Date,">="&M$4,Date,"<="&M$5,shift_hrs,">"&$P14,shift_hrs,"<="&$P15,Key_Gps,"*"&M$1&"*"),_xlpm.perc,_xlpm.calc/_xlpm.denom,IFERROR(IF(_xlpm.calc<1000,_xlfn.CONCAT(_xlpm.calc," (",TEXT(_xlpm.perc,"0.0%"),")"),_xlfn.CONCAT(TEXT(_xlpm.calc,"0,000")," (",TEXT(_xlpm.perc,"0.0%"),")")),"-"))} -> - | N15: Percent of all shifts. | P15: 6 | Q15: =IF(IFERROR(SEARCH("(",E15),0)=0,"",VALUE(SUBSTITUTE(RIGHT(E15,LEN(E15)-SEARCH("(",E15)),")",""))) | R15: =IF(U15="","",SUM(V15:AB15)-U15) -> #VALUE! | S15: =IF($C15="","",IF(OR(IFERROR(SEARCH("min wage",LOWER($C15)),0)>0, IFERROR(SEARCH(" per ",LOWER($C15)),0)>0, IFERROR(SEARCH("penalt",LOWER($C15)),0)>0,IFERROR(SEARCH("total",LOWER($C15)),0)>0,IFERROR(SEARCH("interest",LOWER($C15)),0)>0,IFERROR(SEARCH("date",LOWER($C15)),0)>0,IFERROR(SEARCH("employee",LOWER($C15)),0)>0,IFERROR(SEARCH("average",LOWER($C15)),0)>0,IFERROR(SEARCH("median",LOWER($C15)),0)>0),"",1)) -> 1 | T15: =IF($S15<>1,"",IF(IFERROR(SEARCH("(",D15),0)=0,D15,VALUE(TRIM(LEFT(D15,SEARCH(" (",D15)))))) -> - | U15: =IF($S15<>1,"",IF(IFERROR(SEARCH("(",E15),0)=0,E15,VALUE(TRIM(LEFT(E15,SEARCH(" (",E15)))))) -> - | V15: =IF($S15<>1,"",IF(IFERROR(SEARCH("(",F15),0)=0,F15,VALUE(TRIM(LEFT(F15,SEARCH(" (",F15)))))) -> - | W15: =IF($S15<>1,"",IF(IFERROR(SEARCH("(",G15),0)=0,G15,VALUE(TRIM(LEFT(G15,SEARCH(" (",G15)))))) -> - | X15: =IF($S15<>1,"",IF(IFERROR(SEARCH("(",H15),0)=0,H15,VALUE(TRIM(LEFT(H15,SEARCH(" (",H15)))))) -> - | Y15: =IF($S15<>1,"",IF(IFERROR(SEARCH("(",I15),0)=0,I15,VALUE(TRIM(LEFT(I15,SEARCH(" (",I15)))))) -> - | Z15: =IF($S15<>1,"",IF(IFERROR(SEARCH("(",J15),0)=0,J15,VALUE(TRIM(LEFT(J15,SEARCH(" (",J15)))))) -> - | AA15: =IF($S15<>1,"",IF(IFERROR(SEARCH("(",K15),0)=0,K15,VALUE(TRIM(LEFT(K15,SEARCH(" (",K15)))))) -> - | ... AC15: =IF($S15<>1,"",IF(IFERROR(SEARCH("(",M15),0)=0,M15,VALUE(TRIM(LEFT(M15,SEARCH(" (",M15)))))) -> -
C16: Shifts >6 hrs | D16: =_xlfn.LET(_xlpm.denom,D$9,_xlpm.calc,ROUND($Q16*_xlpm.denom,0),_xlpm.perc,_xlpm.calc/_xlpm.denom,IFERROR(IF(_xlpm.calc<1000,_xlfn.CONCAT(_xlpm.calc," (",TEXT(_xlpm.perc,"0.0%"),")"),_xlfn.CONCAT(TEXT(_xlpm.calc,"0,000")," (",TEXT(_xlpm.perc,"0.0%"),")")),"-")) -> - | E16: {=_xlfn.LET(_xlpm.denom,E$9,_xlpm.calc,COUNTIFS(Date,">="&E$4,Date,"<="&E$5,shift_hrs,">"&$P16,Key_Gps,"*"&E$1&"*"),_xlpm.perc,_xlpm.calc/_xlpm.denom,IFERROR(IF(_xlpm.calc<1000,_xlfn.CONCAT(_xlpm.calc," (",TEXT(_xlpm.perc,"0.0%"),")"),_xlfn.CONCAT(TEXT(_xlpm.calc,"0,000")," (",TEXT(_xlpm.perc,"0.0%"),")")),"-"))} -> - | F16: {=_xlfn.LET(_xlpm.denom,F$9,_xlpm.calc,COUNTIFS(Date,">="&F$4,Date,"<="&F$5,shift_hrs,">"&$P16,Key_Gps,"*"&F$1&"*"),_xlpm.perc,_xlpm.calc/_xlpm.denom,IFERROR(IF(_xlpm.calc<1000,_xlfn.CONCAT(_xlpm.calc," (",TEXT(_xlpm.perc,"0.0%"),")"),_xlfn.CONCAT(TEXT(_xlpm.calc,"0,000")," (",TEXT(_xlpm.perc,"0.0%"),")")),"-"))} -> - | G16: {=_xlfn.LET(_xlpm.denom,G$9,_xlpm.calc,COUNTIFS(Date,">="&G$4,Date,"<="&G$5,shift_hrs,">"&$P16,Key_Gps,"*"&G$1&"*"),_xlpm.perc,_xlpm.calc/_xlpm.denom,IFERROR(IF(_xlpm.calc<1000,_xlfn.CONCAT(_xlpm.calc," (",TEXT(_xlpm.perc,"0.0%"),")"),_xlfn.CONCAT(TEXT(_xlpm.calc,"0,000")," (",TEXT(_xlpm.perc,"0.0%"),")")),"-"))} -> - | H16: {=_xlfn.LET(_xlpm.denom,H$9,_xlpm.calc,COUNTIFS(Date,">="&H$4,Date,"<="&H$5,shift_hrs,">"&$P16,Key_Gps,"*"&H$1&"*"),_xlpm.perc,_xlpm.calc/_xlpm.denom,IFERROR(IF(_xlpm.calc<1000,_xlfn.CONCAT(_xlpm.calc," (",TEXT(_xlpm.perc,"0.0%"),")"),_xlfn.CONCAT(TEXT(_xlpm.calc,"0,000")," (",TEXT(_xlpm.perc,"0.0%"),")")),"-"))} -> - | I16: {=_xlfn.LET(_xlpm.denom,I$9,_xlpm.calc,COUNTIFS(Date,">="&I$4,Date,"<="&I$5,shift_hrs,">"&$P16,Key_Gps,"*"&I$1&"*"),_xlpm.perc,_xlpm.calc/_xlpm.denom,IFERROR(IF(_xlpm.calc<1000,_xlfn.CONCAT(_xlpm.calc," (",TEXT(_xlpm.perc,"0.0%"),")"),_xlfn.CONCAT(TEXT(_xlpm.calc,"0,000")," (",TEXT(_xlpm.perc,"0.0%"),")")),"-"))} -> - | J16: {=_xlfn.LET(_xlpm.denom,J$9,_xlpm.calc,COUNTIFS(Date,">="&J$4,Date,"<="&J$5,shift_hrs,">"&$P16,Key_Gps,"*"&J$1&"*"),_xlpm.perc,_xlpm.calc/_xlpm.denom,IFERROR(IF(_xlpm.calc<1000,_xlfn.CONCAT(_xlpm.calc," (",TEXT(_xlpm.perc,"0.0%"),")"),_xlfn.CONCAT(TEXT(_xlpm.calc,"0,000")," (",TEXT(_xlpm.perc,"0.0%"),")")),"-"))} -> - | K16: {=_xlfn.LET(_xlpm.denom,K$9,_xlpm.calc,COUNTIFS(Date,">="&K$4,Date,"<="&K$5,shift_hrs,">"&$P16,Key_Gps,"*"&K$1&"*"),_xlpm.perc,_xlpm.calc/_xlpm.denom,IFERROR(IF(_xlpm.calc<1000,_xlfn.CONCAT(_xlpm.calc," (",TEXT(_xlpm.perc,"0.0%"),")"),_xlfn.CONCAT(TEXT(_xlpm.calc,"0,000")," (",TEXT(_xlpm.perc,"0.0%"),")")),"-"))} -> - | L16: {=_xlfn.LET(_xlpm.denom,L$9,_xlpm.calc,COUNTIFS(Date,">="&L$4,Date,"<="&L$5,shift_hrs,">"&$P16,Key_Gps,"*"&L$1&"*"),_xlpm.perc,_xlpm.calc/_xlpm.denom,IFERROR(IF(_xlpm.calc<1000,_xlfn.CONCAT(_xlpm.calc," (",TEXT(_xlpm.perc,"0.0%"),")"),_xlfn.CONCAT(TEXT(_xlpm.calc,"0,000")," (",TEXT(_xlpm.perc,"0.0%"),")")),"-"))} -> - | M16: {=_xlfn.LET(_xlpm.denom,M$9,_xlpm.calc,COUNTIFS(Date,">="&M$4,Date,"<="&M$5,shift_hrs,">"&$P16,Key_Gps,"*"&M$1&"*"),_xlpm.perc,_xlpm.calc/_xlpm.denom,IFERROR(IF(_xlpm.calc<1000,_xlfn.CONCAT(_xlpm.calc," (",TEXT(_xlpm.perc,"0.0%"),")"),_xlfn.CONCAT(TEXT(_xlpm.calc,"0,000")," (",TEXT(_xlpm.perc,"0.0%"),")")),"-"))} -> - | N16: Percent of all shifts. | P16: 6 | Q16: =IF(IFERROR(SEARCH("(",E16),0)=0,"",VALUE(SUBSTITUTE(RIGHT(E16,LEN(E16)-SEARCH("(",E16)),")",""))) | R16: =IF(U16="","",SUM(V16:AB16)-U16) -> #VALUE! | S16: =IF($C16="","",IF(OR(IFERROR(SEARCH("min wage",LOWER($C16)),0)>0, IFERROR(SEARCH(" per ",LOWER($C16)),0)>0, IFERROR(SEARCH("penalt",LOWER($C16)),0)>0,IFERROR(SEARCH("total",LOWER($C16)),0)>0,IFERROR(SEARCH("interest",LOWER($C16)),0)>0,IFERROR(SEARCH("date",LOWER($C16)),0)>0,IFERROR(SEARCH("employee",LOWER($C16)),0)>0,IFERROR(SEARCH("average",LOWER($C16)),0)>0,IFERROR(SEARCH("median",LOWER($C16)),0)>0),"",1)) -> 1 | T16: =IF($S16<>1,"",IF(IFERROR(SEARCH("(",D16),0)=0,D16,VALUE(TRIM(LEFT(D16,SEARCH(" (",D16)))))) -> - | U16: =IF($S16<>1,"",IF(IFERROR(SEARCH("(",E16),0)=0,E16,VALUE(TRIM(LEFT(E16,SEARCH(" (",E16)))))) -> - | V16: =IF($S16<>1,"",IF(IFERROR(SEARCH("(",F16),0)=0,F16,VALUE(TRIM(LEFT(F16,SEARCH(" (",F16)))))) -> - | W16: =IF($S16<>1,"",IF(IFERROR(SEARCH("(",G16),0)=0,G16,VALUE(TRIM(LEFT(G16,SEARCH(" (",G16)))))) -> - | X16: =IF($S16<>1,"",IF(IFERROR(SEARCH("(",H16),0)=0,H16,VALUE(TRIM(LEFT(H16,SEARCH(" (",H16)))))) -> - | Y16: =IF($S16<>1,"",IF(IFERROR(SEARCH("(",I16),0)=0,I16,VALUE(TRIM(LEFT(I16,SEARCH(" (",I16)))))) -> - | Z16: =IF($S16<>1,"",IF(IFERROR(SEARCH("(",J16),0)=0,J16,VALUE(TRIM(LEFT(J16,SEARCH(" (",J16)))))) -> - | AA16: =IF($S16<>1,"",IF(IFERROR(SEARCH("(",K16),0)=0,K16,VALUE(TRIM(LEFT(K16,SEARCH(" (",K16)))))) -> - | ... AC16: =IF($S16<>1,"",IF(IFERROR(SEARCH("(",M16),0)=0,M16,VALUE(TRIM(LEFT(M16,SEARCH(" (",M16)))))) -> -
C17: Shifts >8 hrs | D17: =_xlfn.LET(_xlpm.denom,D$9,_xlpm.calc,ROUND($Q17*_xlpm.denom,0),_xlpm.perc,_xlpm.calc/_xlpm.denom,IFERROR(IF(_xlpm.calc<1000,_xlfn.CONCAT(_xlpm.calc," (",TEXT(_xlpm.perc,"0.0%"),")"),_xlfn.CONCAT(TEXT(_xlpm.calc,"0,000")," (",TEXT(_xlpm.perc,"0.0%"),")")),"-")) -> - | E17: {=_xlfn.LET(_xlpm.denom,E$9,_xlpm.calc,COUNTIFS(Date,">="&E$4,Date,"<="&E$5,shift_hrs,">"&$P17,Key_Gps,"*"&E$1&"*"),_xlpm.perc,_xlpm.calc/_xlpm.denom,IFERROR(IF(_xlpm.calc<1000,_xlfn.CONCAT(_xlpm.calc," (",TEXT(_xlpm.perc,"0.0%"),")"),_xlfn.CONCAT(TEXT(_xlpm.calc,"0,000")," (",TEXT(_xlpm.perc,"0.0%"),")")),"-"))} -> - | F17: {=_xlfn.LET(_xlpm.denom,F$9,_xlpm.calc,COUNTIFS(Date,">="&F$4,Date,"<="&F$5,shift_hrs,">"&$P17,Key_Gps,"*"&F$1&"*"),_xlpm.perc,_xlpm.calc/_xlpm.denom,IFERROR(IF(_xlpm.calc<1000,_xlfn.CONCAT(_xlpm.calc," (",TEXT(_xlpm.perc,"0.0%"),")"),_xlfn.CONCAT(TEXT(_xlpm.calc,"0,000")," (",TEXT(_xlpm.perc,"0.0%"),")")),"-"))} -> - | G17: {=_xlfn.LET(_xlpm.denom,G$9,_xlpm.calc,COUNTIFS(Date,">="&G$4,Date,"<="&G$5,shift_hrs,">"&$P17,Key_Gps,"*"&G$1&"*"),_xlpm.perc,_xlpm.calc/_xlpm.denom,IFERROR(IF(_xlpm.calc<1000,_xlfn.CONCAT(_xlpm.calc," (",TEXT(_xlpm.perc,"0.0%"),")"),_xlfn.CONCAT(TEXT(_xlpm.calc,"0,000")," (",TEXT(_xlpm.perc,"0.0%"),")")),"-"))} -> - | H17: {=_xlfn.LET(_xlpm.denom,H$9,_xlpm.calc,COUNTIFS(Date,">="&H$4,Date,"<="&H$5,shift_hrs,">"&$P17,Key_Gps,"*"&H$1&"*"),_xlpm.perc,_xlpm.calc/_xlpm.denom,IFERROR(IF(_xlpm.calc<1000,_xlfn.CONCAT(_xlpm.calc," (",TEXT(_xlpm.perc,"0.0%"),")"),_xlfn.CONCAT(TEXT(_xlpm.calc,"0,000")," (",TEXT(_xlpm.perc,"0.0%"),")")),"-"))} -> - | I17: {=_xlfn.LET(_xlpm.denom,I$9,_xlpm.calc,COUNTIFS(Date,">="&I$4,Date,"<="&I$5,shift_hrs,">"&$P17,Key_Gps,"*"&I$1&"*"),_xlpm.perc,_xlpm.calc/_xlpm.denom,IFERROR(IF(_xlpm.calc<1000,_xlfn.CONCAT(_xlpm.calc," (",TEXT(_xlpm.perc,"0.0%"),")"),_xlfn.CONCAT(TEXT(_xlpm.calc,"0,000")," (",TEXT(_xlpm.perc,"0.0%"),")")),"-"))} -> - | J17: {=_xlfn.LET(_xlpm.denom,J$9,_xlpm.calc,COUNTIFS(Date,">="&J$4,Date,"<="&J$5,shift_hrs,">"&$P17,Key_Gps,"*"&J$1&"*"),_xlpm.perc,_xlpm.calc/_xlpm.denom,IFERROR(IF(_xlpm.calc<1000,_xlfn.CONCAT(_xlpm.calc," (",TEXT(_xlpm.perc,"0.0%"),")"),_xlfn.CONCAT(TEXT(_xlpm.calc,"0,000")," (",TEXT(_xlpm.perc,"0.0%"),")")),"-"))} -> - | K17: {=_xlfn.LET(_xlpm.denom,K$9,_xlpm.calc,COUNTIFS(Date,">="&K$4,Date,"<="&K$5,shift_hrs,">"&$P17,Key_Gps,"*"&K$1&"*"),_xlpm.perc,_xlpm.calc/_xlpm.denom,IFERROR(IF(_xlpm.calc<1000,_xlfn.CONCAT(_xlpm.calc," (",TEXT(_xlpm.perc,"0.0%"),")"),_xlfn.CONCAT(TEXT(_xlpm.calc,"0,000")," (",TEXT(_xlpm.perc,"0.0%"),")")),"-"))} -> - | L17: {=_xlfn.LET(_xlpm.denom,L$9,_xlpm.calc,COUNTIFS(Date,">="&L$4,Date,"<="&L$5,shift_hrs,">"&$P17,Key_Gps,"*"&L$1&"*"),_xlpm.perc,_xlpm.calc/_xlpm.denom,IFERROR(IF(_xlpm.calc<1000,_xlfn.CONCAT(_xlpm.calc," (",TEXT(_xlpm.perc,"0.0%"),")"),_xlfn.CONCAT(TEXT(_xlpm.calc,"0,000")," (",TEXT(_xlpm.perc,"0.0%"),")")),"-"))} -> - | M17: {=_xlfn.LET(_xlpm.denom,M$9,_xlpm.calc,COUNTIFS(Date,">="&M$4,Date,"<="&M$5,shift_hrs,">"&$P17,Key_Gps,"*"&M$1&"*"),_xlpm.perc,_xlpm.calc/_xlpm.denom,IFERROR(IF(_xlpm.calc<1000,_xlfn.CONCAT(_xlpm.calc," (",TEXT(_xlpm.perc,"0.0%"),")"),_xlfn.CONCAT(TEXT(_xlpm.calc,"0,000")," (",TEXT(_xlpm.perc,"0.0%"),")")),"-"))} -> - | N17: Percent of all shifts. | P17: 8 | Q17: =IF(IFERROR(SEARCH("(",E17),0)=0,"",VALUE(SUBSTITUTE(RIGHT(E17,LEN(E17)-SEARCH("(",E17)),")",""))) | R17: =IF(U17="","",SUM(V17:AB17)-U17) -> #VALUE! | S17: =IF($C17="","",IF(OR(IFERROR(SEARCH("min wage",LOWER($C17)),0)>0, IFERROR(SEARCH(" per ",LOWER($C17)),0)>0, IFERROR(SEARCH("penalt",LOWER($C17)),0)>0,IFERROR(SEARCH("total",LOWER($C17)),0)>0,IFERROR(SEARCH("interest",LOWER($C17)),0)>0,IFERROR(SEARCH("date",LOWER($C17)),0)>0,IFERROR(SEARCH("employee",LOWER($C17)),0)>0,IFERROR(SEARCH("average",LOWER($C17)),0)>0,IFERROR(SEARCH("median",LOWER($C17)),0)>0),"",1)) -> 1 | T17: =IF($S17<>1,"",IF(IFERROR(SEARCH("(",D17),0)=0,D17,VALUE(TRIM(LEFT(D17,SEARCH(" (",D17)))))) -> - | U17: =IF($S17<>1,"",IF(IFERROR(SEARCH("(",E17),0)=0,E17,VALUE(TRIM(LEFT(E17,SEARCH(" (",E17)))))) -> - | V17: =IF($S17<>1,"",IF(IFERROR(SEARCH("(",F17),0)=0,F17,VALUE(TRIM(LEFT(F17,SEARCH(" (",F17)))))) -> - | W17: =IF($S17<>1,"",IF(IFERROR(SEARCH("(",G17),0)=0,G17,VALUE(TRIM(LEFT(G17,SEARCH(" (",G17)))))) -> - | X17: =IF($S17<>1,"",IF(IFERROR(SEARCH("(",H17),0)=0,H17,VALUE(TRIM(LEFT(H17,SEARCH(" (",H17)))))) -> - | Y17: =IF($S17<>1,"",IF(IFERROR(SEARCH("(",I17),0)=0,I17,VALUE(TRIM(LEFT(I17,SEARCH(" (",I17)))))) -> - | Z17: =IF($S17<>1,"",IF(IFERROR(SEARCH("(",J17),0)=0,J17,VALUE(TRIM(LEFT(J17,SEARCH(" (",J17)))))) -> - | AA17: =IF($S17<>1,"",IF(IFERROR(SEARCH("(",K17),0)=0,K17,VALUE(TRIM(LEFT(K17,SEARCH(" (",K17)))))) -> - | ... AC17: =IF($S17<>1,"",IF(IFERROR(SEARCH("(",M17),0)=0,M17,VALUE(TRIM(LEFT(M17,SEARCH(" (",M17)))))) -> -
C18: Shifts >10 hrs | D18: =_xlfn.LET(_xlpm.denom,D$9,_xlpm.calc,ROUND($Q18*_xlpm.denom,0),_xlpm.perc,_xlpm.calc/_xlpm.denom,IFERROR(IF(_xlpm.calc<1000,_xlfn.CONCAT(_xlpm.calc," (",TEXT(_xlpm.perc,"0.0%"),")"),_xlfn.CONCAT(TEXT(_xlpm.calc,"0,000")," (",TEXT(_xlpm.perc,"0.0%"),")")),"-")) -> - | E18: {=_xlfn.LET(_xlpm.denom,E$9,_xlpm.calc,COUNTIFS(Date,">="&E$4,Date,"<="&E$5,shift_hrs,">"&$P18,Key_Gps,"*"&E$1&"*"),_xlpm.perc,_xlpm.calc/_xlpm.denom,IFERROR(IF(_xlpm.calc<1000,_xlfn.CONCAT(_xlpm.calc," (",TEXT(_xlpm.perc,"0.0%"),")"),_xlfn.CONCAT(TEXT(_xlpm.calc,"0,000")," (",TEXT(_xlpm.perc,"0.0%"),")")),"-"))} -> - | F18: {=_xlfn.LET(_xlpm.denom,F$9,_xlpm.calc,COUNTIFS(Date,">="&F$4,Date,"<="&F$5,shift_hrs,">"&$P18,Key_Gps,"*"&F$1&"*"),_xlpm.perc,_xlpm.calc/_xlpm.denom,IFERROR(IF(_xlpm.calc<1000,_xlfn.CONCAT(_xlpm.calc," (",TEXT(_xlpm.perc,"0.0%"),")"),_xlfn.CONCAT(TEXT(_xlpm.calc,"0,000")," (",TEXT(_xlpm.perc,"0.0%"),")")),"-"))} -> - | G18: {=_xlfn.LET(_xlpm.denom,G$9,_xlpm.calc,COUNTIFS(Date,">="&G$4,Date,"<="&G$5,shift_hrs,">"&$P18,Key_Gps,"*"&G$1&"*"),_xlpm.perc,_xlpm.calc/_xlpm.denom,IFERROR(IF(_xlpm.calc<1000,_xlfn.CONCAT(_xlpm.calc," (",TEXT(_xlpm.perc,"0.0%"),")"),_xlfn.CONCAT(TEXT(_xlpm.calc,"0,000")," (",TEXT(_xlpm.perc,"0.0%"),")")),"-"))} -> - | H18: {=_xlfn.LET(_xlpm.denom,H$9,_xlpm.calc,COUNTIFS(Date,">="&H$4,Date,"<="&H$5,shift_hrs,">"&$P18,Key_Gps,"*"&H$1&"*"),_xlpm.perc,_xlpm.calc/_xlpm.denom,IFERROR(IF(_xlpm.calc<1000,_xlfn.CONCAT(_xlpm.calc," (",TEXT(_xlpm.perc,"0.0%"),")"),_xlfn.CONCAT(TEXT(_xlpm.calc,"0,000")," (",TEXT(_xlpm.perc,"0.0%"),")")),"-"))} -> - | I18: {=_xlfn.LET(_xlpm.denom,I$9,_xlpm.calc,COUNTIFS(Date,">="&I$4,Date,"<="&I$5,shift_hrs,">"&$P18,Key_Gps,"*"&I$1&"*"),_xlpm.perc,_xlpm.calc/_xlpm.denom,IFERROR(IF(_xlpm.calc<1000,_xlfn.CONCAT(_xlpm.calc," (",TEXT(_xlpm.perc,"0.0%"),")"),_xlfn.CONCAT(TEXT(_xlpm.calc,"0,000")," (",TEXT(_xlpm.perc,"0.0%"),")")),"-"))} -> - | J18: {=_xlfn.LET(_xlpm.denom,J$9,_xlpm.calc,COUNTIFS(Date,">="&J$4,Date,"<="&J$5,shift_hrs,">"&$P18,Key_Gps,"*"&J$1&"*"),_xlpm.perc,_xlpm.calc/_xlpm.denom,IFERROR(IF(_xlpm.calc<1000,_xlfn.CONCAT(_xlpm.calc," (",TEXT(_xlpm.perc,"0.0%"),")"),_xlfn.CONCAT(TEXT(_xlpm.calc,"0,000")," (",TEXT(_xlpm.perc,"0.0%"),")")),"-"))} -> - | K18: {=_xlfn.LET(_xlpm.denom,K$9,_xlpm.calc,COUNTIFS(Date,">="&K$4,Date,"<="&K$5,shift_hrs,">"&$P18,Key_Gps,"*"&K$1&"*"),_xlpm.perc,_xlpm.calc/_xlpm.denom,IFERROR(IF(_xlpm.calc<1000,_xlfn.CONCAT(_xlpm.calc," (",TEXT(_xlpm.perc,"0.0%"),")"),_xlfn.CONCAT(TEXT(_xlpm.calc,"0,000")," (",TEXT(_xlpm.perc,"0.0%"),")")),"-"))} -> - | L18: {=_xlfn.LET(_xlpm.denom,L$9,_xlpm.calc,COUNTIFS(Date,">="&L$4,Date,"<="&L$5,shift_hrs,">"&$P18,Key_Gps,"*"&L$1&"*"),_xlpm.perc,_xlpm.calc/_xlpm.denom,IFERROR(IF(_xlpm.calc<1000,_xlfn.CONCAT(_xlpm.calc," (",TEXT(_xlpm.perc,"0.0%"),")"),_xlfn.CONCAT(TEXT(_xlpm.calc,"0,000")," (",TEXT(_xlpm.perc,"0.0%"),")")),"-"))} -> - | M18: {=_xlfn.LET(_xlpm.denom,M$9,_xlpm.calc,COUNTIFS(Date,">="&M$4,Date,"<="&M$5,shift_hrs,">"&$P18,Key_Gps,"*"&M$1&"*"),_xlpm.perc,_xlpm.calc/_xlpm.denom,IFERROR(IF(_xlpm.calc<1000,_xlfn.CONCAT(_xlpm.calc," (",TEXT(_xlpm.perc,"0.0%"),")"),_xlfn.CONCAT(TEXT(_xlpm.calc,"0,000")," (",TEXT(_xlpm.perc,"0.0%"),")")),"-"))} -> - | N18: Percent of all shifts. | P18: 10 | Q18: =IF(IFERROR(SEARCH("(",E18),0)=0,"",VALUE(SUBSTITUTE(RIGHT(E18,LEN(E18)-SEARCH("(",E18)),")",""))) | R18: =IF(U18="","",SUM(V18:AB18)-U18) -> #VALUE! | S18: =IF($C18="","",IF(OR(IFERROR(SEARCH("min wage",LOWER($C18)),0)>0, IFERROR(SEARCH(" per ",LOWER($C18)),0)>0, IFERROR(SEARCH("penalt",LOWER($C18)),0)>0,IFERROR(SEARCH("total",LOWER($C18)),0)>0,IFERROR(SEARCH("interest",LOWER($C18)),0)>0,IFERROR(SEARCH("date",LOWER($C18)),0)>0,IFERROR(SEARCH("employee",LOWER($C18)),0)>0,IFERROR(SEARCH("average",LOWER($C18)),0)>0,IFERROR(SEARCH("median",LOWER($C18)),0)>0),"",1)) -> 1 | T18: =IF($S18<>1,"",IF(IFERROR(SEARCH("(",D18),0)=0,D18,VALUE(TRIM(LEFT(D18,SEARCH(" (",D18)))))) -> - | U18: =IF($S18<>1,"",IF(IFERROR(SEARCH("(",E18),0)=0,E18,VALUE(TRIM(LEFT(E18,SEARCH(" (",E18)))))) -> - | V18: =IF($S18<>1,"",IF(IFERROR(SEARCH("(",F18),0)=0,F18,VALUE(TRIM(LEFT(F18,SEARCH(" (",F18)))))) -> - | W18: =IF($S18<>1,"",IF(IFERROR(SEARCH("(",G18),0)=0,G18,VALUE(TRIM(LEFT(G18,SEARCH(" (",G18)))))) -> - | X18: =IF($S18<>1,"",IF(IFERROR(SEARCH("(",H18),0)=0,H18,VALUE(TRIM(LEFT(H18,SEARCH(" (",H18)))))) -> - | Y18: =IF($S18<>1,"",IF(IFERROR(SEARCH("(",I18),0)=0,I18,VALUE(TRIM(LEFT(I18,SEARCH(" (",I18)))))) -> - | Z18: =IF($S18<>1,"",IF(IFERROR(SEARCH("(",J18),0)=0,J18,VALUE(TRIM(LEFT(J18,SEARCH(" (",J18)))))) -> - | AA18: =IF($S18<>1,"",IF(IFERROR(SEARCH("(",K18),0)=0,K18,VALUE(TRIM(LEFT(K18,SEARCH(" (",K18)))))) -> - | ... AC18: =IF($S18<>1,"",IF(IFERROR(SEARCH("(",M18),0)=0,M18,VALUE(TRIM(LEFT(M18,SEARCH(" (",M18)))))) -> -
C19: Shifts >10 hrs & <=12 hrs | D19: =_xlfn.LET(_xlpm.denom,D$9,_xlpm.calc,ROUND($Q19*_xlpm.denom,0),_xlpm.perc,_xlpm.calc/_xlpm.denom,IFERROR(IF(_xlpm.calc<1000,_xlfn.CONCAT(_xlpm.calc," (",TEXT(_xlpm.perc,"0.0%"),")"),_xlfn.CONCAT(TEXT(_xlpm.calc,"0,000")," (",TEXT(_xlpm.perc,"0.0%"),")")),"-")) -> - | E19: {=_xlfn.LET(_xlpm.denom,E$9,_xlpm.calc,COUNTIFS(Date,">="&E$4,Date,"<="&E$5,shift_hrs,">"&$P18,shift_hrs,"<="&$P19,Key_Gps,"*"&E$1&"*"),_xlpm.perc,_xlpm.calc/_xlpm.denom,IFERROR(IF(_xlpm.calc<1000,_xlfn.CONCAT(_xlpm.calc," (",TEXT(_xlpm.perc,"0.0%"),")"),_xlfn.CONCAT(TEXT(_xlpm.calc,"0,000")," (",TEXT(_xlpm.perc,"0.0%"),")")),"-"))} -> - | F19: {=_xlfn.LET(_xlpm.denom,F$9,_xlpm.calc,COUNTIFS(Date,">="&F$4,Date,"<="&F$5,shift_hrs,">"&$P18,shift_hrs,"<="&$P19,Key_Gps,"*"&F$1&"*"),_xlpm.perc,_xlpm.calc/_xlpm.denom,IFERROR(IF(_xlpm.calc<1000,_xlfn.CONCAT(_xlpm.calc," (",TEXT(_xlpm.perc,"0.0%"),")"),_xlfn.CONCAT(TEXT(_xlpm.calc,"0,000")," (",TEXT(_xlpm.perc,"0.0%"),")")),"-"))} -> - | G19: {=_xlfn.LET(_xlpm.denom,G$9,_xlpm.calc,COUNTIFS(Date,">="&G$4,Date,"<="&G$5,shift_hrs,">"&$P18,shift_hrs,"<="&$P19,Key_Gps,"*"&G$1&"*"),_xlpm.perc,_xlpm.calc/_xlpm.denom,IFERROR(IF(_xlpm.calc<1000,_xlfn.CONCAT(_xlpm.calc," (",TEXT(_xlpm.perc,"0.0%"),")"),_xlfn.CONCAT(TEXT(_xlpm.calc,"0,000")," (",TEXT(_xlpm.perc,"0.0%"),")")),"-"))} -> - | H19: {=_xlfn.LET(_xlpm.denom,H$9,_xlpm.calc,COUNTIFS(Date,">="&H$4,Date,"<="&H$5,shift_hrs,">"&$P18,shift_hrs,"<="&$P19,Key_Gps,"*"&H$1&"*"),_xlpm.perc,_xlpm.calc/_xlpm.denom,IFERROR(IF(_xlpm.calc<1000,_xlfn.CONCAT(_xlpm.calc," (",TEXT(_xlpm.perc,"0.0%"),")"),_xlfn.CONCAT(TEXT(_xlpm.calc,"0,000")," (",TEXT(_xlpm.perc,"0.0%"),")")),"-"))} -> - | I19: {=_xlfn.LET(_xlpm.denom,I$9,_xlpm.calc,COUNTIFS(Date,">="&I$4,Date,"<="&I$5,shift_hrs,">"&$P18,shift_hrs,"<="&$P19,Key_Gps,"*"&I$1&"*"),_xlpm.perc,_xlpm.calc/_xlpm.denom,IFERROR(IF(_xlpm.calc<1000,_xlfn.CONCAT(_xlpm.calc," (",TEXT(_xlpm.perc,"0.0%"),")"),_xlfn.CONCAT(TEXT(_xlpm.calc,"0,000")," (",TEXT(_xlpm.perc,"0.0%"),")")),"-"))} -> - | J19: {=_xlfn.LET(_xlpm.denom,J$9,_xlpm.calc,COUNTIFS(Date,">="&J$4,Date,"<="&J$5,shift_hrs,">"&$P18,shift_hrs,"<="&$P19,Key_Gps,"*"&J$1&"*"),_xlpm.perc,_xlpm.calc/_xlpm.denom,IFERROR(IF(_xlpm.calc<1000,_xlfn.CONCAT(_xlpm.calc," (",TEXT(_xlpm.perc,"0.0%"),")"),_xlfn.CONCAT(TEXT(_xlpm.calc,"0,000")," (",TEXT(_xlpm.perc,"0.0%"),")")),"-"))} -> - | K19: {=_xlfn.LET(_xlpm.denom,K$9,_xlpm.calc,COUNTIFS(Date,">="&K$4,Date,"<="&K$5,shift_hrs,">"&$P18,shift_hrs,"<="&$P19,Key_Gps,"*"&K$1&"*"),_xlpm.perc,_xlpm.calc/_xlpm.denom,IFERROR(IF(_xlpm.calc<1000,_xlfn.CONCAT(_xlpm.calc," (",TEXT(_xlpm.perc,"0.0%"),")"),_xlfn.CONCAT(TEXT(_xlpm.calc,"0,000")," (",TEXT(_xlpm.perc,"0.0%"),")")),"-"))} -> - | L19: {=_xlfn.LET(_xlpm.denom,L$9,_xlpm.calc,COUNTIFS(Date,">="&L$4,Date,"<="&L$5,shift_hrs,">"&$P18,shift_hrs,"<="&$P19,Key_Gps,"*"&L$1&"*"),_xlpm.perc,_xlpm.calc/_xlpm.denom,IFERROR(IF(_xlpm.calc<1000,_xlfn.CONCAT(_xlpm.calc," (",TEXT(_xlpm.perc,"0.0%"),")"),_xlfn.CONCAT(TEXT(_xlpm.calc,"0,000")," (",TEXT(_xlpm.perc,"0.0%"),")")),"-"))} -> - | M19: {=_xlfn.LET(_xlpm.denom,M$9,_xlpm.calc,COUNTIFS(Date,">="&M$4,Date,"<="&M$5,shift_hrs,">"&$P18,shift_hrs,"<="&$P19,Key_Gps,"*"&M$1&"*"),_xlpm.perc,_xlpm.calc/_xlpm.denom,IFERROR(IF(_xlpm.calc<1000,_xlfn.CONCAT(_xlpm.calc," (",TEXT(_xlpm.perc,"0.0%"),")"),_xlfn.CONCAT(TEXT(_xlpm.calc,"0,000")," (",TEXT(_xlpm.perc,"0.0%"),")")),"-"))} -> - | N19: Percent of all shifts. | P19: 12 | Q19: =IF(IFERROR(SEARCH("(",E19),0)=0,"",VALUE(SUBSTITUTE(RIGHT(E19,LEN(E19)-SEARCH("(",E19)),")",""))) | R19: =IF(U19="","",SUM(V19:AB19)-U19) -> #VALUE! | S19: =IF($C19="","",IF(OR(IFERROR(SEARCH("min wage",LOWER($C19)),0)>0, IFERROR(SEARCH(" per ",LOWER($C19)),0)>0, IFERROR(SEARCH("penalt",LOWER($C19)),0)>0,IFERROR(SEARCH("total",LOWER($C19)),0)>0,IFERROR(SEARCH("interest",LOWER($C19)),0)>0,IFERROR(SEARCH("date",LOWER($C19)),0)>0,IFERROR(SEARCH("employee",LOWER($C19)),0)>0,IFERROR(SEARCH("average",LOWER($C19)),0)>0,IFERROR(SEARCH("median",LOWER($C19)),0)>0),"",1)) -> 1 | T19: =IF($S19<>1,"",IF(IFERROR(SEARCH("(",D19),0)=0,D19,VALUE(TRIM(LEFT(D19,SEARCH(" (",D19)))))) -> - | U19: =IF($S19<>1,"",IF(IFERROR(SEARCH("(",E19),0)=0,E19,VALUE(TRIM(LEFT(E19,SEARCH(" (",E19)))))) -> - | V19: =IF($S19<>1,"",IF(IFERROR(SEARCH("(",F19),0)=0,F19,VALUE(TRIM(LEFT(F19,SEARCH(" (",F19)))))) -> - | W19: =IF($S19<>1,"",IF(IFERROR(SEARCH("(",G19),0)=0,G19,VALUE(TRIM(LEFT(G19,SEARCH(" (",G19)))))) -> - | X19: =IF($S19<>1,"",IF(IFERROR(SEARCH("(",H19),0)=0,H19,VALUE(TRIM(LEFT(H19,SEARCH(" (",H19)))))) -> - | Y19: =IF($S19<>1,"",IF(IFERROR(SEARCH("(",I19),0)=0,I19,VALUE(TRIM(LEFT(I19,SEARCH(" (",I19)))))) -> - | Z19: =IF($S19<>1,"",IF(IFERROR(SEARCH("(",J19),0)=0,J19,VALUE(TRIM(LEFT(J19,SEARCH(" (",J19)))))) -> - | AA19: =IF($S19<>1,"",IF(IFERROR(SEARCH("(",K19),0)=0,K19,VALUE(TRIM(LEFT(K19,SEARCH(" (",K19)))))) -> - | ... AC19: =IF($S19<>1,"",IF(IFERROR(SEARCH("(",M19),0)=0,M19,VALUE(TRIM(LEFT(M19,SEARCH(" (",M19)))))) -> -
C20: Shifts >12 hrs | D20: =_xlfn.LET(_xlpm.denom,D$9,_xlpm.calc,ROUND($Q20*_xlpm.denom,0),_xlpm.perc,_xlpm.calc/_xlpm.denom,IFERROR(IF(_xlpm.calc<1000,_xlfn.CONCAT(_xlpm.calc," (",TEXT(_xlpm.perc,"0.0%"),")"),_xlfn.CONCAT(TEXT(_xlpm.calc,"0,000")," (",TEXT(_xlpm.perc,"0.0%"),")")),"-")) -> - | E20: {=_xlfn.LET(_xlpm.denom,E$9,_xlpm.calc,COUNTIFS(Date,">="&E$4,Date,"<="&E$5,shift_hrs,">"&$P20,Key_Gps,"*"&E$1&"*"),_xlpm.perc,_xlpm.calc/_xlpm.denom,IFERROR(IF(_xlpm.calc<1000,_xlfn.CONCAT(_xlpm.calc," (",TEXT(_xlpm.perc,"0.0%"),")"),_xlfn.CONCAT(TEXT(_xlpm.calc,"0,000")," (",TEXT(_xlpm.perc,"0.0%"),")")),"-"))} -> - | F20: {=_xlfn.LET(_xlpm.denom,F$9,_xlpm.calc,COUNTIFS(Date,">="&F$4,Date,"<="&F$5,shift_hrs,">"&$P20,Key_Gps,"*"&F$1&"*"),_xlpm.perc,_xlpm.calc/_xlpm.denom,IFERROR(IF(_xlpm.calc<1000,_xlfn.CONCAT(_xlpm.calc," (",TEXT(_xlpm.perc,"0.0%"),")"),_xlfn.CONCAT(TEXT(_xlpm.calc,"0,000")," (",TEXT(_xlpm.perc,"0.0%"),")")),"-"))} -> - | G20: {=_xlfn.LET(_xlpm.denom,G$9,_xlpm.calc,COUNTIFS(Date,">="&G$4,Date,"<="&G$5,shift_hrs,">"&$P20,Key_Gps,"*"&G$1&"*"),_xlpm.perc,_xlpm.calc/_xlpm.denom,IFERROR(IF(_xlpm.calc<1000,_xlfn.CONCAT(_xlpm.calc," (",TEXT(_xlpm.perc,"0.0%"),")"),_xlfn.CONCAT(TEXT(_xlpm.calc,"0,000")," (",TEXT(_xlpm.perc,"0.0%"),")")),"-"))} -> - | H20: {=_xlfn.LET(_xlpm.denom,H$9,_xlpm.calc,COUNTIFS(Date,">="&H$4,Date,"<="&H$5,shift_hrs,">"&$P20,Key_Gps,"*"&H$1&"*"),_xlpm.perc,_xlpm.calc/_xlpm.denom,IFERROR(IF(_xlpm.calc<1000,_xlfn.CONCAT(_xlpm.calc," (",TEXT(_xlpm.perc,"0.0%"),")"),_xlfn.CONCAT(TEXT(_xlpm.calc,"0,000")," (",TEXT(_xlpm.perc,"0.0%"),")")),"-"))} -> - | I20: {=_xlfn.LET(_xlpm.denom,I$9,_xlpm.calc,COUNTIFS(Date,">="&I$4,Date,"<="&I$5,shift_hrs,">"&$P20,Key_Gps,"*"&I$1&"*"),_xlpm.perc,_xlpm.calc/_xlpm.denom,IFERROR(IF(_xlpm.calc<1000,_xlfn.CONCAT(_xlpm.calc," (",TEXT(_xlpm.perc,"0.0%"),")"),_xlfn.CONCAT(TEXT(_xlpm.calc,"0,000")," (",TEXT(_xlpm.perc,"0.0%"),")")),"-"))} -> - | J20: {=_xlfn.LET(_xlpm.denom,J$9,_xlpm.calc,COUNTIFS(Date,">="&J$4,Date,"<="&J$5,shift_hrs,">"&$P20,Key_Gps,"*"&J$1&"*"),_xlpm.perc,_xlpm.calc/_xlpm.denom,IFERROR(IF(_xlpm.calc<1000,_xlfn.CONCAT(_xlpm.calc," (",TEXT(_xlpm.perc,"0.0%"),")"),_xlfn.CONCAT(TEXT(_xlpm.calc,"0,000")," (",TEXT(_xlpm.perc,"0.0%"),")")),"-"))} -> - | K20: {=_xlfn.LET(_xlpm.denom,K$9,_xlpm.calc,COUNTIFS(Date,">="&K$4,Date,"<="&K$5,shift_hrs,">"&$P20,Key_Gps,"*"&K$1&"*"),_xlpm.perc,_xlpm.calc/_xlpm.denom,IFERROR(IF(_xlpm.calc<1000,_xlfn.CONCAT(_xlpm.calc," (",TEXT(_xlpm.perc,"0.0%"),")"),_xlfn.CONCAT(TEXT(_xlpm.calc,"0,000")," (",TEXT(_xlpm.perc,"0.0%"),")")),"-"))} -> - | L20: {=_xlfn.LET(_xlpm.denom,L$9,_xlpm.calc,COUNTIFS(Date,">="&L$4,Date,"<="&L$5,shift_hrs,">"&$P20,Key_Gps,"*"&L$1&"*"),_xlpm.perc,_xlpm.calc/_xlpm.denom,IFERROR(IF(_xlpm.calc<1000,_xlfn.CONCAT(_xlpm.calc," (",TEXT(_xlpm.perc,"0.0%"),")"),_xlfn.CONCAT(TEXT(_xlpm.calc,"0,000")," (",TEXT(_xlpm.perc,"0.0%"),")")),"-"))} -> - | M20: {=_xlfn.LET(_xlpm.denom,M$9,_xlpm.calc,COUNTIFS(Date,">="&M$4,Date,"<="&M$5,shift_hrs,">"&$P20,Key_Gps,"*"&M$1&"*"),_xlpm.perc,_xlpm.calc/_xlpm.denom,IFERROR(IF(_xlpm.calc<1000,_xlfn.CONCAT(_xlpm.calc," (",TEXT(_xlpm.perc,"0.0%"),")"),_xlfn.CONCAT(TEXT(_xlpm.calc,"0,000")," (",TEXT(_xlpm.perc,"0.0%"),")")),"-"))} -> - | N20: Percent of all shifts. | P20: 12 | Q20: =IF(IFERROR(SEARCH("(",E20),0)=0,"",VALUE(SUBSTITUTE(RIGHT(E20,LEN(E20)-SEARCH("(",E20)),")",""))) | R20: =IF(U20="","",SUM(V20:AB20)-U20) -> #VALUE! | S20: =IF($C20="","",IF(OR(IFERROR(SEARCH("min wage",LOWER($C20)),0)>0, IFERROR(SEARCH(" per ",LOWER($C20)),0)>0, IFERROR(SEARCH("penalt",LOWER($C20)),0)>0,IFERROR(SEARCH("total",LOWER($C20)),0)>0,IFERROR(SEARCH("interest",LOWER($C20)),0)>0,IFERROR(SEARCH("date",LOWER($C20)),0)>0,IFERROR(SEARCH("employee",LOWER($C20)),0)>0,IFERROR(SEARCH("average",LOWER($C20)),0)>0,IFERROR(SEARCH("median",LOWER($C20)),0)>0),"",1)) -> 1 | T20: =IF($S20<>1,"",IF(IFERROR(SEARCH("(",D20),0)=0,D20,VALUE(TRIM(LEFT(D20,SEARCH(" (",D20)))))) -> - | U20: =IF($S20<>1,"",IF(IFERROR(SEARCH("(",E20),0)=0,E20,VALUE(TRIM(LEFT(E20,SEARCH(" (",E20)))))) -> - | V20: =IF($S20<>1,"",IF(IFERROR(SEARCH("(",F20),0)=0,F20,VALUE(TRIM(LEFT(F20,SEARCH(" (",F20)))))) -> - | W20: =IF($S20<>1,"",IF(IFERROR(SEARCH("(",G20),0)=0,G20,VALUE(TRIM(LEFT(G20,SEARCH(" (",G20)))))) -> - | X20: =IF($S20<>1,"",IF(IFERROR(SEARCH("(",H20),0)=0,H20,VALUE(TRIM(LEFT(H20,SEARCH(" (",H20)))))) -> - | Y20: =IF($S20<>1,"",IF(IFERROR(SEARCH("(",I20),0)=0,I20,VALUE(TRIM(LEFT(I20,SEARCH(" (",I20)))))) -> - | Z20: =IF($S20<>1,"",IF(IFERROR(SEARCH("(",J20),0)=0,J20,VALUE(TRIM(LEFT(J20,SEARCH(" (",J20)))))) -> - | AA20: =IF($S20<>1,"",IF(IFERROR(SEARCH("(",K20),0)=0,K20,VALUE(TRIM(LEFT(K20,SEARCH(" (",K20)))))) -> - | ... AC20: =IF($S20<>1,"",IF(IFERROR(SEARCH("(",M20),0)=0,M20,VALUE(TRIM(LEFT(M20,SEARCH(" (",M20)))))) -> -
A21: 1 | Q21: =IF(IFERROR(SEARCH("(",E21),0)=0,"",VALUE(SUBSTITUTE(RIGHT(E21,LEN(E21)-SEARCH("(",E21)),")",""))) | R21: =IF(U21="","",SUM(V21:AB21)-U21) | S21: =IF($C21="","",IF(OR(IFERROR(SEARCH("min wage",LOWER($C21)),0)>0, IFERROR(SEARCH(" per ",LOWER($C21)),0)>0, IFERROR(SEARCH("penalt",LOWER($C21)),0)>0,IFERROR(SEARCH("total",LOWER($C21)),0)>0,IFERROR(SEARCH("interest",LOWER($C21)),0)>0,IFERROR(SEARCH("date",LOWER($C21)),0)>0,IFERROR(SEARCH("employee",LOWER($C21)),0)>0,IFERROR(SEARCH("average",LOWER($C21)),0)>0,IFERROR(SEARCH("median",LOWER($C21)),0)>0),"",1)) | T21: =IF($S21<>1,"",IF(IFERROR(SEARCH("(",D21),0)=0,D21,VALUE(TRIM(LEFT(D21,SEARCH(" (",D21)))))) | U21: =IF($S21<>1,"",IF(IFERROR(SEARCH("(",E21),0)=0,E21,VALUE(TRIM(LEFT(E21,SEARCH(" (",E21)))))) | V21: =IF($S21<>1,"",IF(IFERROR(SEARCH("(",F21),0)=0,F21,VALUE(TRIM(LEFT(F21,SEARCH(" (",F21)))))) | W21: =IF($S21<>1,"",IF(IFERROR(SEARCH("(",G21),0)=0,G21,VALUE(TRIM(LEFT(G21,SEARCH(" (",G21)))))) | X21: =IF($S21<>1,"",IF(IFERROR(SEARCH("(",H21),0)=0,H21,VALUE(TRIM(LEFT(H21,SEARCH(" (",H21)))))) | Y21: =IF($S21<>1,"",IF(IFERROR(SEARCH("(",I21),0)=0,I21,VALUE(TRIM(LEFT(I21,SEARCH(" (",I21)))))) | Z21: =IF($S21<>1,"",IF(IFERROR(SEARCH("(",J21),0)=0,J21,VALUE(TRIM(LEFT(J21,SEARCH(" (",J21)))))) | AA21: =IF($S21<>1,"",IF(IFERROR(SEARCH("(",K21),0)=0,K21,VALUE(TRIM(LEFT(K21,SEARCH(" (",K21)))))) | ... AC21: =IF($S21<>1,"",IF(IFERROR(SEARCH("(",M21),0)=0,M21,VALUE(TRIM(LEFT(M21,SEARCH(" (",M21))))))
B22: Pay Data Statistics | C22: Start date of pay data | D22: =D$4 -> 43466 | E22: {=_xlfn.LET(_xlpm.calc,_xlfn.MINIFS(Pay_Period_End,Pay_Key_Gps,"*"&E$1&"*"),IF(ISNUMBER(E$3),IF(DATE(E$3,12,31) < MIN(Pay_Period_End), "-", MAX(DATE(E$3,1,1),_xlpm.calc)),_xlpm.calc))} -> #NAME? | F22: {=_xlfn.LET(_xlpm.calc,_xlfn.MINIFS(Pay_Period_End,Pay_Key_Gps,"*"&F$1&"*"),IF(ISNUMBER(F$3),IF(DATE(F$3,12,31) < MIN(Pay_Period_End), "-", MAX(DATE(F$3,1,1),_xlpm.calc)),_xlpm.calc))} -> #NAME? | G22: {=_xlfn.LET(_xlpm.calc,_xlfn.MINIFS(Pay_Period_End,Pay_Key_Gps,"*"&G$1&"*"),IF(ISNUMBER(G$3),IF(DATE(G$3,12,31) < MIN(Pay_Period_End), "-", MAX(DATE(G$3,1,1),_xlpm.calc)),_xlpm.calc))} -> #NAME? | H22: {=_xlfn.LET(_xlpm.calc,_xlfn.MINIFS(Pay_Period_End,Pay_Key_Gps,"*"&H$1&"*"),IF(ISNUMBER(H$3),IF(DATE(H$3,12,31) < MIN(Pay_Period_End), "-", MAX(DATE(H$3,1,1),_xlpm.calc)),_xlpm.calc))} -> #NAME? | I22: {=_xlfn.LET(_xlpm.calc,_xlfn.MINIFS(Pay_Period_End,Pay_Key_Gps,"*"&I$1&"*"),IF(ISNUMBER(I$3),IF(DATE(I$3,12,31) < MIN(Pay_Period_End), "-", MAX(DATE(I$3,1,1),_xlpm.calc)),_xlpm.calc))} -> #NAME? | J22: {=_xlfn.LET(_xlpm.calc,_xlfn.MINIFS(Pay_Period_End,Pay_Key_Gps,"*"&J$1&"*"),IF(ISNUMBER(J$3),IF(DATE(J$3,12,31) < MIN(Pay_Period_End), "-", MAX(DATE(J$3,1,1),_xlpm.calc)),_xlpm.calc))} -> #NAME? | K22: {=_xlfn.LET(_xlpm.calc,_xlfn.MINIFS(Pay_Period_End,Pay_Key_Gps,"*"&K$1&"*"),IF(ISNUMBER(K$3),IF(DATE(K$3,12,31) < MIN(Pay_Period_End), "-", MAX(DATE(K$3,1,1),_xlpm.calc)),_xlpm.calc))} -> #NAME? | L22: {=_xlfn.LET(_xlpm.calc,_xlfn.MINIFS(Pay_Period_End,Pay_Key_Gps,"*"&L$1&"*"),IF(ISNUMBER(L$3),IF(DATE(L$3,12,31) < MIN(Pay_Period_End), "-", MAX(DATE(L$3,1,1),_xlpm.calc)),_xlpm.calc))} -> #NAME? | M22: {=_xlfn.LET(_xlpm.calc,_xlfn.MINIFS(Pay_Period_End,Pay_Key_Gps,"*"&M$1&"*"),IF(ISNUMBER(M$3),IF(DATE(M$3,12,31) < MIN(Pay_Period_End), "-", MAX(DATE(M$3,1,1),_xlpm.calc)),_xlpm.calc))} -> #NAME? | Q22: =IF(IFERROR(SEARCH("(",E22),0)=0,"",VALUE(SUBSTITUTE(RIGHT(E22,LEN(E22)-SEARCH("(",E22)),")",""))) | R22: =IF(U22="","",SUM(V22:AB22)-U22) | S22: =IF($C22="","",IF(OR(IFERROR(SEARCH("min wage",LOWER($C22)),0)>0, IFERROR(SEARCH(" per ",LOWER($C22)),0)>0, IFERROR(SEARCH("penalt",LOWER($C22)),0)>0,IFERROR(SEARCH("total",LOWER($C22)),0)>0,IFERROR(SEARCH("interest",LOWER($C22)),0)>0,IFERROR(SEARCH("date",LOWER($C22)),0)>0,IFERROR(SEARCH("employee",LOWER($C22)),0)>0,IFERROR(SEARCH("average",LOWER($C22)),0)>0,IFERROR(SEARCH("median",LOWER($C22)),0)>0),"",1)) | T22: =IF($S22<>1,"",IF(IFERROR(SEARCH("(",D22),0)=0,D22,VALUE(TRIM(LEFT(D22,SEARCH(" (",D22)))))) | U22: =IF($S22<>1,"",IF(IFERROR(SEARCH("(",E22),0)=0,E22,VALUE(TRIM(LEFT(E22,SEARCH(" (",E22)))))) | V22: =IF($S22<>1,"",IF(IFERROR(SEARCH("(",F22),0)=0,F22,VALUE(TRIM(LEFT(F22,SEARCH(" (",F22)))))) | W22: =IF($S22<>1,"",IF(IFERROR(SEARCH("(",G22),0)=0,G22,VALUE(TRIM(LEFT(G22,SEARCH(" (",G22)))))) | X22: =IF($S22<>1,"",IF(IFERROR(SEARCH("(",H22),0)=0,H22,VALUE(TRIM(LEFT(H22,SEARCH(" (",H22)))))) | Y22: =IF($S22<>1,"",IF(IFERROR(SEARCH("(",I22),0)=0,I22,VALUE(TRIM(LEFT(I22,SEARCH(" (",I22)))))) | Z22: =IF($S22<>1,"",IF(IFERROR(SEARCH("(",J22),0)=0,J22,VALUE(TRIM(LEFT(J22,SEARCH(" (",J22)))))) | AA22: =IF($S22<>1,"",IF(IFERROR(SEARCH("(",K22),0)=0,K22,VALUE(TRIM(LEFT(K22,SEARCH(" (",K22)))))) | ... AC22: =IF($S22<>1,"",IF(IFERROR(SEARCH("(",M22),0)=0,M22,VALUE(TRIM(LEFT(M22,SEARCH(" (",M22))))))
C23: End date of pay data | D23: =D$5 -> 46083 | E23: {=_xlfn.LET(_xlpm.calc,_xlfn.MAXIFS(Pay_Period_End,Pay_Key_Gps,"*"&E$1&"*"),IF(ISNUMBER(E$3),IF(OR(DATE(E$3,12,31) < MIN(Pay_Period_End),DATE(E$3,1,1)>MAX(Pay_Period_End)), "-", MIN(DATE(E$3,12,31),_xlpm.calc)),_xlpm.calc))} -> #NAME? | F23: {=_xlfn.LET(_xlpm.calc,_xlfn.MAXIFS(Pay_Period_End,Pay_Key_Gps,"*"&F$1&"*"),IF(ISNUMBER(F$3),IF(OR(DATE(F$3,12,31) < MIN(Pay_Period_End),DATE(F$3,1,1)>MAX(Pay_Period_End)), "-", MIN(DATE(F$3,12,31),_xlpm.calc)),_xlpm.calc))} -> #NAME? | G23: {=_xlfn.LET(_xlpm.calc,_xlfn.MAXIFS(Pay_Period_End,Pay_Key_Gps,"*"&G$1&"*"),IF(ISNUMBER(G$3),IF(OR(DATE(G$3,12,31) < MIN(Pay_Period_End),DATE(G$3,1,1)>MAX(Pay_Period_End)), "-", MIN(DATE(G$3,12,31),_xlpm.calc)),_xlpm.calc))} -> #NAME? | H23: {=_xlfn.LET(_xlpm.calc,_xlfn.MAXIFS(Pay_Period_End,Pay_Key_Gps,"*"&H$1&"*"),IF(ISNUMBER(H$3),IF(OR(DATE(H$3,12,31) < MIN(Pay_Period_End),DATE(H$3,1,1)>MAX(Pay_Period_End)), "-", MIN(DATE(H$3,12,31),_xlpm.calc)),_xlpm.calc))} -> #NAME? | I23: {=_xlfn.LET(_xlpm.calc,_xlfn.MAXIFS(Pay_Period_End,Pay_Key_Gps,"*"&I$1&"*"),IF(ISNUMBER(I$3),IF(OR(DATE(I$3,12,31) < MIN(Pay_Period_End),DATE(I$3,1,1)>MAX(Pay_Period_End)), "-", MIN(DATE(I$3,12,31),_xlpm.calc)),_xlpm.calc))} -> #NAME? | J23: {=_xlfn.LET(_xlpm.calc,_xlfn.MAXIFS(Pay_Period_End,Pay_Key_Gps,"*"&J$1&"*"),IF(ISNUMBER(J$3),IF(OR(DATE(J$3,12,31) < MIN(Pay_Period_End),DATE(J$3,1,1)>MAX(Pay_Period_End)), "-", MIN(DATE(J$3,12,31),_xlpm.calc)),_xlpm.calc))} -> #NAME? | K23: {=_xlfn.LET(_xlpm.calc,_xlfn.MAXIFS(Pay_Period_End,Pay_Key_Gps,"*"&K$1&"*"),IF(ISNUMBER(K$3),IF(OR(DATE(K$3,12,31) < MIN(Pay_Period_End),DATE(K$3,1,1)>MAX(Pay_Period_End)), "-", MIN(DATE(K$3,12,31),_xlpm.calc)),_xlpm.calc))} -> #NAME? | L23: {=_xlfn.LET(_xlpm.calc,_xlfn.MAXIFS(Pay_Period_End,Pay_Key_Gps,"*"&L$1&"*"),IF(ISNUMBER(L$3),IF(OR(DATE(L$3,12,31) < MIN(Pay_Period_End),DATE(L$3,1,1)>MAX(Pay_Period_End)), "-", MIN(DATE(L$3,12,31),_xlpm.calc)),_xlpm.calc))} -> #NAME? | M23: {=_xlfn.LET(_xlpm.calc,_xlfn.MAXIFS(Pay_Period_End,Pay_Key_Gps,"*"&M$1&"*"),IF(ISNUMBER(M$3),IF(OR(DATE(M$3,12,31) < MIN(Pay_Period_End),DATE(M$3,1,1)>MAX(Pay_Period_End)), "-", MIN(DATE(M$3,12,31),_xlpm.calc)),_xlpm.calc))} -> #NAME? | Q23: =IF(IFERROR(SEARCH("(",E23),0)=0,"",VALUE(SUBSTITUTE(RIGHT(E23,LEN(E23)-SEARCH("(",E23)),")",""))) | R23: =IF(U23="","",SUM(V23:AB23)-U23) | S23: =IF($C23="","",IF(OR(IFERROR(SEARCH("min wage",LOWER($C23)),0)>0, IFERROR(SEARCH(" per ",LOWER($C23)),0)>0, IFERROR(SEARCH("penalt",LOWER($C23)),0)>0,IFERROR(SEARCH("total",LOWER($C23)),0)>0,IFERROR(SEARCH("interest",LOWER($C23)),0)>0,IFERROR(SEARCH("date",LOWER($C23)),0)>0,IFERROR(SEARCH("employee",LOWER($C23)),0)>0,IFERROR(SEARCH("average",LOWER($C23)),0)>0,IFERROR(SEARCH("median",LOWER($C23)),0)>0),"",1)) | T23: =IF($S23<>1,"",IF(IFERROR(SEARCH("(",D23),0)=0,D23,VALUE(TRIM(LEFT(D23,SEARCH(" (",D23)))))) | U23: =IF($S23<>1,"",IF(IFERROR(SEARCH("(",E23),0)=0,E23,VALUE(TRIM(LEFT(E23,SEARCH(" (",E23)))))) | V23: =IF($S23<>1,"",IF(IFERROR(SEARCH("(",F23),0)=0,F23,VALUE(TRIM(LEFT(F23,SEARCH(" (",F23)))))) | W23: =IF($S23<>1,"",IF(IFERROR(SEARCH("(",G23),0)=0,G23,VALUE(TRIM(LEFT(G23,SEARCH(" (",G23)))))) | X23: =IF($S23<>1,"",IF(IFERROR(SEARCH("(",H23),0)=0,H23,VALUE(TRIM(LEFT(H23,SEARCH(" (",H23)))))) | Y23: =IF($S23<>1,"",IF(IFERROR(SEARCH("(",I23),0)=0,I23,VALUE(TRIM(LEFT(I23,SEARCH(" (",I23)))))) | Z23: =IF($S23<>1,"",IF(IFERROR(SEARCH("(",J23),0)=0,J23,VALUE(TRIM(LEFT(J23,SEARCH(" (",J23)))))) | AA23: =IF($S23<>1,"",IF(IFERROR(SEARCH("(",K23),0)=0,K23,VALUE(TRIM(LEFT(K23,SEARCH(" (",K23)))))) | ... AC23: =IF($S23<>1,"",IF(IFERROR(SEARCH("(",M23),0)=0,M23,VALUE(TRIM(LEFT(M23,SEARCH(" (",M23))))))
C24: Employees in pay data | D24: =D$6 -> 0 | E24: {=IFERROR(ROWS(_xlfn.UNIQUE(_xlfn._xlws.FILTER(Pay_ID,(Pay_Period_End >= E$22) * (Pay_Period_End <= E$23) * (IFERROR(SEARCH(E$1,Pay_Key_Gps),0)>0)))),0)} -> 0 | F24: {=IFERROR(ROWS(_xlfn.UNIQUE(_xlfn._xlws.FILTER(Pay_ID,(Pay_Period_End >= F$22) * (Pay_Period_End <= F$23) * (IFERROR(SEARCH(F$1,Pay_Key_Gps),0)>0)))),0)} -> 0 | G24: {=IFERROR(ROWS(_xlfn.UNIQUE(_xlfn._xlws.FILTER(Pay_ID,(Pay_Period_End >= G$22) * (Pay_Period_End <= G$23) * (IFERROR(SEARCH(G$1,Pay_Key_Gps),0)>0)))),0)} -> 0 | H24: {=IFERROR(ROWS(_xlfn.UNIQUE(_xlfn._xlws.FILTER(Pay_ID,(Pay_Period_End >= H$22) * (Pay_Period_End <= H$23) * (IFERROR(SEARCH(H$1,Pay_Key_Gps),0)>0)))),0)} -> 0 | I24: {=IFERROR(ROWS(_xlfn.UNIQUE(_xlfn._xlws.FILTER(Pay_ID,(Pay_Period_End >= I$22) * (Pay_Period_End <= I$23) * (IFERROR(SEARCH(I$1,Pay_Key_Gps),0)>0)))),0)} -> 0 | J24: {=IFERROR(ROWS(_xlfn.UNIQUE(_xlfn._xlws.FILTER(Pay_ID,(Pay_Period_End >= J$22) * (Pay_Period_End <= J$23) * (IFERROR(SEARCH(J$1,Pay_Key_Gps),0)>0)))),0)} -> 0 | K24: {=IFERROR(ROWS(_xlfn.UNIQUE(_xlfn._xlws.FILTER(Pay_ID,(Pay_Period_End >= K$22) * (Pay_Period_End <= K$23) * (IFERROR(SEARCH(K$1,Pay_Key_Gps),0)>0)))),0)} -> 0 | L24: {=IFERROR(ROWS(_xlfn.UNIQUE(_xlfn._xlws.FILTER(Pay_ID,(Pay_Period_End >= L$22) * (Pay_Period_End <= L$23) * (IFERROR(SEARCH(L$1,Pay_Key_Gps),0)>0)))),0)} -> 0 | M24: {=IFERROR(ROWS(_xlfn.UNIQUE(_xlfn._xlws.FILTER(Pay_ID,(Pay_Period_End >= M$22) * (Pay_Period_End <= M$23) * (IFERROR(SEARCH(M$1,Pay_Key_Gps),0)>0)))),0)} -> 0 | Q24: =IF(IFERROR(SEARCH("(",E24),0)=0,"",VALUE(SUBSTITUTE(RIGHT(E24,LEN(E24)-SEARCH("(",E24)),")",""))) | R24: =IF(U24="","",SUM(V24:AB24)-U24) | S24: =IF($C24="","",IF(OR(IFERROR(SEARCH("min wage",LOWER($C24)),0)>0, IFERROR(SEARCH(" per ",LOWER($C24)),0)>0, IFERROR(SEARCH("penalt",LOWER($C24)),0)>0,IFERROR(SEARCH("total",LOWER($C24)),0)>0,IFERROR(SEARCH("interest",LOWER($C24)),0)>0,IFERROR(SEARCH("date",LOWER($C24)),0)>0,IFERROR(SEARCH("employee",LOWER($C24)),0)>0,IFERROR(SEARCH("average",LOWER($C24)),0)>0,IFERROR(SEARCH("median",LOWER($C24)),0)>0),"",1)) | T24: =IF($S24<>1,"",IF(IFERROR(SEARCH("(",D24),0)=0,D24,VALUE(TRIM(LEFT(D24,SEARCH(" (",D24)))))) | U24: =IF($S24<>1,"",IF(IFERROR(SEARCH("(",E24),0)=0,E24,VALUE(TRIM(LEFT(E24,SEARCH(" (",E24)))))) | V24: =IF($S24<>1,"",IF(IFERROR(SEARCH("(",F24),0)=0,F24,VALUE(TRIM(LEFT(F24,SEARCH(" (",F24)))))) | W24: =IF($S24<>1,"",IF(IFERROR(SEARCH("(",G24),0)=0,G24,VALUE(TRIM(LEFT(G24,SEARCH(" (",G24)))))) | X24: =IF($S24<>1,"",IF(IFERROR(SEARCH("(",H24),0)=0,H24,VALUE(TRIM(LEFT(H24,SEARCH(" (",H24)))))) | Y24: =IF($S24<>1,"",IF(IFERROR(SEARCH("(",I24),0)=0,I24,VALUE(TRIM(LEFT(I24,SEARCH(" (",I24)))))) | Z24: =IF($S24<>1,"",IF(IFERROR(SEARCH("(",J24),0)=0,J24,VALUE(TRIM(LEFT(J24,SEARCH(" (",J24)))))) | AA24: =IF($S24<>1,"",IF(IFERROR(SEARCH("(",K24),0)=0,K24,VALUE(TRIM(LEFT(K24,SEARCH(" (",K24)))))) | ... AC24: =IF($S24<>1,"",IF(IFERROR(SEARCH("(",M24),0)=0,M24,VALUE(TRIM(LEFT(M24,SEARCH(" (",M24))))))
C25: Average hourly rate | D25: =E25 -> - | E25: {=IFERROR(AVERAGEIFS(Base_Rate1,Pay_Period_End,">="&E$22,Pay_Period_End,"<="&E$23,Pay_Key_Gps,"*"&E$1&"*",Base_Rate1,">5"),"-")} -> - | F25: {=IFERROR(AVERAGEIFS(Base_Rate1,Pay_Period_End,">="&F$22,Pay_Period_End,"<="&F$23,Pay_Key_Gps,"*"&F$1&"*",Base_Rate1,">5"),"-")} -> - | G25: {=IFERROR(AVERAGEIFS(Base_Rate1,Pay_Period_End,">="&G$22,Pay_Period_End,"<="&G$23,Pay_Key_Gps,"*"&G$1&"*",Base_Rate1,">5"),"-")} -> - | H25: {=IFERROR(AVERAGEIFS(Base_Rate1,Pay_Period_End,">="&H$22,Pay_Period_End,"<="&H$23,Pay_Key_Gps,"*"&H$1&"*",Base_Rate1,">5"),"-")} -> - | I25: {=IFERROR(AVERAGEIFS(Base_Rate1,Pay_Period_End,">="&I$22,Pay_Period_End,"<="&I$23,Pay_Key_Gps,"*"&I$1&"*",Base_Rate1,">5"),"-")} -> - | J25: {=IFERROR(AVERAGEIFS(Base_Rate1,Pay_Period_End,">="&J$22,Pay_Period_End,"<="&J$23,Pay_Key_Gps,"*"&J$1&"*",Base_Rate1,">5"),"-")} -> - | K25: {=IFERROR(AVERAGEIFS(Base_Rate1,Pay_Period_End,">="&K$22,Pay_Period_End,"<="&K$23,Pay_Key_Gps,"*"&K$1&"*",Base_Rate1,">5"),"-")} -> - | L25: {=IFERROR(AVERAGEIFS(Base_Rate1,Pay_Period_End,">="&L$22,Pay_Period_End,"<="&L$23,Pay_Key_Gps,"*"&L$1&"*",Base_Rate1,">5"),"-")} -> - | M25: {=IFERROR(AVERAGEIFS(Base_Rate1,Pay_Period_End,">="&M$22,Pay_Period_End,"<="&M$23,Pay_Key_Gps,"*"&M$1&"*",Base_Rate1,">5"),"-")} -> - | Q25: =IF(IFERROR(SEARCH("(",E25),0)=0,"",VALUE(SUBSTITUTE(RIGHT(E25,LEN(E25)-SEARCH("(",E25)),")",""))) | R25: =IF(U25="","",SUM(V25:AB25)-U25) | S25: =IF($C25="","",IF(OR(IFERROR(SEARCH("min wage",LOWER($C25)),0)>0, IFERROR(SEARCH(" per ",LOWER($C25)),0)>0, IFERROR(SEARCH("penalt",LOWER($C25)),0)>0,IFERROR(SEARCH("total",LOWER($C25)),0)>0,IFERROR(SEARCH("interest",LOWER($C25)),0)>0,IFERROR(SEARCH("date",LOWER($C25)),0)>0,IFERROR(SEARCH("employee",LOWER($C25)),0)>0,IFERROR(SEARCH("average",LOWER($C25)),0)>0,IFERROR(SEARCH("median",LOWER($C25)),0)>0),"",1)) | T25: =IF($S25<>1,"",IF(IFERROR(SEARCH("(",D25),0)=0,D25,VALUE(TRIM(LEFT(D25,SEARCH(" (",D25)))))) | U25: =IF($S25<>1,"",IF(IFERROR(SEARCH("(",E25),0)=0,E25,VALUE(TRIM(LEFT(E25,SEARCH(" (",E25)))))) | V25: =IF($S25<>1,"",IF(IFERROR(SEARCH("(",F25),0)=0,F25,VALUE(TRIM(LEFT(F25,SEARCH(" (",F25)))))) | W25: =IF($S25<>1,"",IF(IFERROR(SEARCH("(",G25),0)=0,G25,VALUE(TRIM(LEFT(G25,SEARCH(" (",G25)))))) | X25: =IF($S25<>1,"",IF(IFERROR(SEARCH("(",H25),0)=0,H25,VALUE(TRIM(LEFT(H25,SEARCH(" (",H25)))))) | Y25: =IF($S25<>1,"",IF(IFERROR(SEARCH("(",I25),0)=0,I25,VALUE(TRIM(LEFT(I25,SEARCH(" (",I25)))))) | Z25: =IF($S25<>1,"",IF(IFERROR(SEARCH("(",J25),0)=0,J25,VALUE(TRIM(LEFT(J25,SEARCH(" (",J25)))))) | AA25: =IF($S25<>1,"",IF(IFERROR(SEARCH("(",K25),0)=0,K25,VALUE(TRIM(LEFT(K25,SEARCH(" (",K25)))))) | ... AC25: =IF($S25<>1,"",IF(IFERROR(SEARCH("(",M25),0)=0,M25,VALUE(TRIM(LEFT(M25,SEARCH(" (",M25))))))
C26: Pay periods in pay data | D26: =D$7 -> #NAME? | E26: {=IFERROR(ROWS(_xlfn.UNIQUE(_xlfn._xlws.FILTER(Pay_ID_Period_End,(Pay_Period_End >= E$22) * (Pay_Period_End <= E$23) * (IFERROR(SEARCH(E$1,Pay_Key_Gps),0)>0)))),0)} -> 0 | F26: {=IFERROR(ROWS(_xlfn.UNIQUE(_xlfn._xlws.FILTER(Pay_ID_Period_End,(Pay_Period_End >= F$22) * (Pay_Period_End <= F$23) * (IFERROR(SEARCH(F$1,Pay_Key_Gps),0)>0)))),0)} -> 0 | G26: {=IFERROR(ROWS(_xlfn.UNIQUE(_xlfn._xlws.FILTER(Pay_ID_Period_End,(Pay_Period_End >= G$22) * (Pay_Period_End <= G$23) * (IFERROR(SEARCH(G$1,Pay_Key_Gps),0)>0)))),0)} -> 0 | H26: {=IFERROR(ROWS(_xlfn.UNIQUE(_xlfn._xlws.FILTER(Pay_ID_Period_End,(Pay_Period_End >= H$22) * (Pay_Period_End <= H$23) * (IFERROR(SEARCH(H$1,Pay_Key_Gps),0)>0)))),0)} -> 0 | I26: {=IFERROR(ROWS(_xlfn.UNIQUE(_xlfn._xlws.FILTER(Pay_ID_Period_End,(Pay_Period_End >= I$22) * (Pay_Period_End <= I$23) * (IFERROR(SEARCH(I$1,Pay_Key_Gps),0)>0)))),0)} -> 0 | J26: {=IFERROR(ROWS(_xlfn.UNIQUE(_xlfn._xlws.FILTER(Pay_ID_Period_End,(Pay_Period_End >= J$22) * (Pay_Period_End <= J$23) * (IFERROR(SEARCH(J$1,Pay_Key_Gps),0)>0)))),0)} -> 0 | K26: {=IFERROR(ROWS(_xlfn.UNIQUE(_xlfn._xlws.FILTER(Pay_ID_Period_End,(Pay_Period_End >= K$22) * (Pay_Period_End <= K$23) * (IFERROR(SEARCH(K$1,Pay_Key_Gps),0)>0)))),0)} -> 0 | L26: {=IFERROR(ROWS(_xlfn.UNIQUE(_xlfn._xlws.FILTER(Pay_ID_Period_End,(Pay_Period_End >= L$22) * (Pay_Period_End <= L$23) * (IFERROR(SEARCH(L$1,Pay_Key_Gps),0)>0)))),0)} -> 0 | M26: {=IFERROR(ROWS(_xlfn.UNIQUE(_xlfn._xlws.FILTER(Pay_ID_Period_End,(Pay_Period_End >= M$22) * (Pay_Period_End <= M$23) * (IFERROR(SEARCH(M$1,Pay_Key_Gps),0)>0)))),0)} -> 0 | Q26: =IF(IFERROR(SEARCH("(",E26),0)=0,"",VALUE(SUBSTITUTE(RIGHT(E26,LEN(E26)-SEARCH("(",E26)),")",""))) | R26: =IF(U26="","",SUM(V26:AB26)-U26) -> 0 | S26: =IF($C26="","",IF(OR(IFERROR(SEARCH("min wage",LOWER($C26)),0)>0, IFERROR(SEARCH(" per ",LOWER($C26)),0)>0, IFERROR(SEARCH("penalt",LOWER($C26)),0)>0,IFERROR(SEARCH("total",LOWER($C26)),0)>0,IFERROR(SEARCH("interest",LOWER($C26)),0)>0,IFERROR(SEARCH("date",LOWER($C26)),0)>0,IFERROR(SEARCH("employee",LOWER($C26)),0)>0,IFERROR(SEARCH("average",LOWER($C26)),0)>0,IFERROR(SEARCH("median",LOWER($C26)),0)>0),"",1)) -> 1 | T26: =IF($S26<>1,"",IF(IFERROR(SEARCH("(",D26),0)=0,D26,VALUE(TRIM(LEFT(D26,SEARCH(" (",D26)))))) -> #NAME? | U26: =IF($S26<>1,"",IF(IFERROR(SEARCH("(",E26),0)=0,E26,VALUE(TRIM(LEFT(E26,SEARCH(" (",E26)))))) -> 0 | V26: =IF($S26<>1,"",IF(IFERROR(SEARCH("(",F26),0)=0,F26,VALUE(TRIM(LEFT(F26,SEARCH(" (",F26)))))) -> 0 | W26: =IF($S26<>1,"",IF(IFERROR(SEARCH("(",G26),0)=0,G26,VALUE(TRIM(LEFT(G26,SEARCH(" (",G26)))))) -> 0 | X26: =IF($S26<>1,"",IF(IFERROR(SEARCH("(",H26),0)=0,H26,VALUE(TRIM(LEFT(H26,SEARCH(" (",H26)))))) -> 0 | Y26: =IF($S26<>1,"",IF(IFERROR(SEARCH("(",I26),0)=0,I26,VALUE(TRIM(LEFT(I26,SEARCH(" (",I26)))))) -> 0 | Z26: =IF($S26<>1,"",IF(IFERROR(SEARCH("(",J26),0)=0,J26,VALUE(TRIM(LEFT(J26,SEARCH(" (",J26)))))) -> 0 | AA26: =IF($S26<>1,"",IF(IFERROR(SEARCH("(",K26),0)=0,K26,VALUE(TRIM(LEFT(K26,SEARCH(" (",K26)))))) -> 0 | ... AC26: =IF($S26<>1,"",IF(IFERROR(SEARCH("(",M26),0)=0,M26,VALUE(TRIM(LEFT(M26,SEARCH(" (",M26)))))) -> 0
C27: Pay periods with hours worked | D27: =ROUND(E27/E26*D26,0) -> #DIV/0! | E27: {=IFERROR(ROWS(_xlfn.UNIQUE(_xlfn._xlws.FILTER(Pay_ID_Period_End,(Pay_Period_End >= E$22) * (Pay_Period_End <= E$23) * (IFERROR(SEARCH(E$1,Pay_Key_Gps) * (pp_Hrs_Wkd_Pay_Code = 1),0)>0)))),0)} -> 0 | F27: {=IFERROR(ROWS(_xlfn.UNIQUE(_xlfn._xlws.FILTER(Pay_ID_Period_End,(Pay_Period_End >= F$22) * (Pay_Period_End <= F$23) * (IFERROR(SEARCH(F$1,Pay_Key_Gps) * (pp_Hrs_Wkd_Pay_Code = 1),0)>0)))),0)} -> 0 | G27: {=IFERROR(ROWS(_xlfn.UNIQUE(_xlfn._xlws.FILTER(Pay_ID_Period_End,(Pay_Period_End >= G$22) * (Pay_Period_End <= G$23) * (IFERROR(SEARCH(G$1,Pay_Key_Gps) * (pp_Hrs_Wkd_Pay_Code = 1),0)>0)))),0)} -> 0 | H27: {=IFERROR(ROWS(_xlfn.UNIQUE(_xlfn._xlws.FILTER(Pay_ID_Period_End,(Pay_Period_End >= H$22) * (Pay_Period_End <= H$23) * (IFERROR(SEARCH(H$1,Pay_Key_Gps) * (pp_Hrs_Wkd_Pay_Code = 1),0)>0)))),0)} -> 0 | I27: {=IFERROR(ROWS(_xlfn.UNIQUE(_xlfn._xlws.FILTER(Pay_ID_Period_End,(Pay_Period_End >= I$22) * (Pay_Period_End <= I$23) * (IFERROR(SEARCH(I$1,Pay_Key_Gps) * (pp_Hrs_Wkd_Pay_Code = 1),0)>0)))),0)} -> 0 | J27: {=IFERROR(ROWS(_xlfn.UNIQUE(_xlfn._xlws.FILTER(Pay_ID_Period_End,(Pay_Period_End >= J$22) * (Pay_Period_End <= J$23) * (IFERROR(SEARCH(J$1,Pay_Key_Gps) * (pp_Hrs_Wkd_Pay_Code = 1),0)>0)))),0)} -> 0 | K27: {=IFERROR(ROWS(_xlfn.UNIQUE(_xlfn._xlws.FILTER(Pay_ID_Period_End,(Pay_Period_End >= K$22) * (Pay_Period_End <= K$23) * (IFERROR(SEARCH(K$1,Pay_Key_Gps) * (pp_Hrs_Wkd_Pay_Code = 1),0)>0)))),0)} -> 0 | L27: {=IFERROR(ROWS(_xlfn.UNIQUE(_xlfn._xlws.FILTER(Pay_ID_Period_End,(Pay_Period_End >= L$22) * (Pay_Period_End <= L$23) * (IFERROR(SEARCH(L$1,Pay_Key_Gps) * (pp_Hrs_Wkd_Pay_Code = 1),0)>0)))),0)} -> 0 | M27: {=IFERROR(ROWS(_xlfn.UNIQUE(_xlfn._xlws.FILTER(Pay_ID_Period_End,(Pay_Period_End >= M$22) * (Pay_Period_End <= M$23) * (IFERROR(SEARCH(M$1,Pay_Key_Gps) * (pp_Hrs_Wkd_Pay_Code = 1),0)>0)))),0)} -> 0 | Q27: =IF(IFERROR(SEARCH("(",E27),0)=0,"",VALUE(SUBSTITUTE(RIGHT(E27,LEN(E27)-SEARCH("(",E27)),")",""))) | R27: =IF(U27="","",SUM(V27:AB27)-U27) -> 0 | S27: =IF($C27="","",IF(OR(IFERROR(SEARCH("min wage",LOWER($C27)),0)>0, IFERROR(SEARCH(" per ",LOWER($C27)),0)>0, IFERROR(SEARCH("penalt",LOWER($C27)),0)>0,IFERROR(SEARCH("total",LOWER($C27)),0)>0,IFERROR(SEARCH("interest",LOWER($C27)),0)>0,IFERROR(SEARCH("date",LOWER($C27)),0)>0,IFERROR(SEARCH("employee",LOWER($C27)),0)>0,IFERROR(SEARCH("average",LOWER($C27)),0)>0,IFERROR(SEARCH("median",LOWER($C27)),0)>0),"",1)) -> 1 | T27: =IF($S27<>1,"",IF(IFERROR(SEARCH("(",D27),0)=0,D27,VALUE(TRIM(LEFT(D27,SEARCH(" (",D27)))))) -> #DIV/0! | U27: =IF($S27<>1,"",IF(IFERROR(SEARCH("(",E27),0)=0,E27,VALUE(TRIM(LEFT(E27,SEARCH(" (",E27)))))) -> 0 | V27: =IF($S27<>1,"",IF(IFERROR(SEARCH("(",F27),0)=0,F27,VALUE(TRIM(LEFT(F27,SEARCH(" (",F27)))))) -> 0 | W27: =IF($S27<>1,"",IF(IFERROR(SEARCH("(",G27),0)=0,G27,VALUE(TRIM(LEFT(G27,SEARCH(" (",G27)))))) -> 0 | X27: =IF($S27<>1,"",IF(IFERROR(SEARCH("(",H27),0)=0,H27,VALUE(TRIM(LEFT(H27,SEARCH(" (",H27)))))) -> 0 | Y27: =IF($S27<>1,"",IF(IFERROR(SEARCH("(",I27),0)=0,I27,VALUE(TRIM(LEFT(I27,SEARCH(" (",I27)))))) -> 0 | Z27: =IF($S27<>1,"",IF(IFERROR(SEARCH("(",J27),0)=0,J27,VALUE(TRIM(LEFT(J27,SEARCH(" (",J27)))))) -> 0 | AA27: =IF($S27<>1,"",IF(IFERROR(SEARCH("(",K27),0)=0,K27,VALUE(TRIM(LEFT(K27,SEARCH(" (",K27)))))) -> 0 | ... AC27: =IF($S27<>1,"",IF(IFERROR(SEARCH("(",M27),0)=0,M27,VALUE(TRIM(LEFT(M27,SEARCH(" (",M27)))))) -> 0
C28: Employees with OT | D28: =_xlfn.LET(_xlpm.denom,D$24,_xlpm.calc,ROUND($Q28*_xlpm.denom,0),_xlpm.perc,_xlpm.calc/_xlpm.denom,IFERROR(IF(_xlpm.calc<1000,_xlfn.CONCAT(_xlpm.calc," (",TEXT(_xlpm.perc,"0.0%"),")"),_xlfn.CONCAT(TEXT(_xlpm.calc,"0,000")," (",TEXT(_xlpm.perc,"0.0%"),")")),"-")) -> - | E28: {=_xlfn.LET(_xlpm.denom,E$24,_xlpm.calc,IFERROR(ROWS(_xlfn.UNIQUE(_xlfn._xlws.FILTER(Pay_ID,(Pay_Period_End >= E$22) * (Pay_Period_End <= E$23) * (IFERROR(SEARCH(E$1,Pay_Key_Gps),0)>0) * (pp_OT_Pay_Code = 1)))),0),_xlpm.perc,_xlpm.calc/_xlpm.denom,IFERROR(IF(_xlpm.calc<1000,_xlfn.CONCAT(_xlpm.calc," (",TEXT(_xlpm.perc,"0.0%"),")"),_xlfn.CONCAT(TEXT(_xlpm.calc,"0,000")," (",TEXT(_xlpm.perc,"0.0%"),")")),"-"))} -> - | F28: {=_xlfn.LET(_xlpm.denom,F$24,_xlpm.calc,IFERROR(ROWS(_xlfn.UNIQUE(_xlfn._xlws.FILTER(Pay_ID,(Pay_Period_End >= F$22) * (Pay_Period_End <= F$23) * (IFERROR(SEARCH(F$1,Pay_Key_Gps),0)>0) * (pp_OT_Pay_Code = 1)))),0),_xlpm.perc,_xlpm.calc/_xlpm.denom,IFERROR(IF(_xlpm.calc<1000,_xlfn.CONCAT(_xlpm.calc," (",TEXT(_xlpm.perc,"0.0%"),")"),_xlfn.CONCAT(TEXT(_xlpm.calc,"0,000")," (",TEXT(_xlpm.perc,"0.0%"),")")),"-"))} -> - | G28: {=_xlfn.LET(_xlpm.denom,G$24,_xlpm.calc,IFERROR(ROWS(_xlfn.UNIQUE(_xlfn._xlws.FILTER(Pay_ID,(Pay_Period_End >= G$22) * (Pay_Period_End <= G$23) * (IFERROR(SEARCH(G$1,Pay_Key_Gps),0)>0) * (pp_OT_Pay_Code = 1)))),0),_xlpm.perc,_xlpm.calc/_xlpm.denom,IFERROR(IF(_xlpm.calc<1000,_xlfn.CONCAT(_xlpm.calc," (",TEXT(_xlpm.perc,"0.0%"),")"),_xlfn.CONCAT(TEXT(_xlpm.calc,"0,000")," (",TEXT(_xlpm.perc,"0.0%"),")")),"-"))} -> - | H28: {=_xlfn.LET(_xlpm.denom,H$24,_xlpm.calc,IFERROR(ROWS(_xlfn.UNIQUE(_xlfn._xlws.FILTER(Pay_ID,(Pay_Period_End >= H$22) * (Pay_Period_End <= H$23) * (IFERROR(SEARCH(H$1,Pay_Key_Gps),0)>0) * (pp_OT_Pay_Code = 1)))),0),_xlpm.perc,_xlpm.calc/_xlpm.denom,IFERROR(IF(_xlpm.calc<1000,_xlfn.CONCAT(_xlpm.calc," (",TEXT(_xlpm.perc,"0.0%"),")"),_xlfn.CONCAT(TEXT(_xlpm.calc,"0,000")," (",TEXT(_xlpm.perc,"0.0%"),")")),"-"))} -> - | I28: {=_xlfn.LET(_xlpm.denom,I$24,_xlpm.calc,IFERROR(ROWS(_xlfn.UNIQUE(_xlfn._xlws.FILTER(Pay_ID,(Pay_Period_End >= I$22) * (Pay_Period_End <= I$23) * (IFERROR(SEARCH(I$1,Pay_Key_Gps),0)>0) * (pp_OT_Pay_Code = 1)))),0),_xlpm.perc,_xlpm.calc/_xlpm.denom,IFERROR(IF(_xlpm.calc<1000,_xlfn.CONCAT(_xlpm.calc," (",TEXT(_xlpm.perc,"0.0%"),")"),_xlfn.CONCAT(TEXT(_xlpm.calc,"0,000")," (",TEXT(_xlpm.perc,"0.0%"),")")),"-"))} -> - | J28: {=_xlfn.LET(_xlpm.denom,J$24,_xlpm.calc,IFERROR(ROWS(_xlfn.UNIQUE(_xlfn._xlws.FILTER(Pay_ID,(Pay_Period_End >= J$22) * (Pay_Period_End <= J$23) * (IFERROR(SEARCH(J$1,Pay_Key_Gps),0)>0) * (pp_OT_Pay_Code = 1)))),0),_xlpm.perc,_xlpm.calc/_xlpm.denom,IFERROR(IF(_xlpm.calc<1000,_xlfn.CONCAT(_xlpm.calc," (",TEXT(_xlpm.perc,"0.0%"),")"),_xlfn.CONCAT(TEXT(_xlpm.calc,"0,000")," (",TEXT(_xlpm.perc,"0.0%"),")")),"-"))} -> - | K28: {=_xlfn.LET(_xlpm.denom,K$24,_xlpm.calc,IFERROR(ROWS(_xlfn.UNIQUE(_xlfn._xlws.FILTER(Pay_ID,(Pay_Period_End >= K$22) * (Pay_Period_End <= K$23) * (IFERROR(SEARCH(K$1,Pay_Key_Gps),0)>0) * (pp_OT_Pay_Code = 1)))),0),_xlpm.perc,_xlpm.calc/_xlpm.denom,IFERROR(IF(_xlpm.calc<1000,_xlfn.CONCAT(_xlpm.calc," (",TEXT(_xlpm.perc,"0.0%"),")"),_xlfn.CONCAT(TEXT(_xlpm.calc,"0,000")," (",TEXT(_xlpm.perc,"0.0%"),")")),"-"))} -> - | L28: {=_xlfn.LET(_xlpm.denom,L$24,_xlpm.calc,IFERROR(ROWS(_xlfn.UNIQUE(_xlfn._xlws.FILTER(Pay_ID,(Pay_Period_End >= L$22) * (Pay_Period_End <= L$23) * (IFERROR(SEARCH(L$1,Pay_Key_Gps),0)>0) * (pp_OT_Pay_Code = 1)))),0),_xlpm.perc,_xlpm.calc/_xlpm.denom,IFERROR(IF(_xlpm.calc<1000,_xlfn.CONCAT(_xlpm.calc," (",TEXT(_xlpm.perc,"0.0%"),")"),_xlfn.CONCAT(TEXT(_xlpm.calc,"0,000")," (",TEXT(_xlpm.perc,"0.0%"),")")),"-"))} -> - | M28: {=_xlfn.LET(_xlpm.denom,M$24,_xlpm.calc,IFERROR(ROWS(_xlfn.UNIQUE(_xlfn._xlws.FILTER(Pay_ID,(Pay_Period_End >= M$22) * (Pay_Period_End <= M$23) * (IFERROR(SEARCH(M$1,Pay_Key_Gps),0)>0) * (pp_OT_Pay_Code = 1)))),0),_xlpm.perc,_xlpm.calc/_xlpm.denom,IFERROR(IF(_xlpm.calc<1000,_xlfn.CONCAT(_xlpm.calc," (",TEXT(_xlpm.perc,"0.0%"),")"),_xlfn.CONCAT(TEXT(_xlpm.calc,"0,000")," (",TEXT(_xlpm.perc,"0.0%"),")")),"-"))} -> - | N28: Percent of all employees. | Q28: =IF(IFERROR(SEARCH("(",E28),0)=0,"",VALUE(SUBSTITUTE(RIGHT(E28,LEN(E28)-SEARCH("(",E28)),")",""))) | R28: =IF(U28="","",SUM(V28:AB28)-U28) | S28: =IF($C28="","",IF(OR(IFERROR(SEARCH("min wage",LOWER($C28)),0)>0, IFERROR(SEARCH(" per ",LOWER($C28)),0)>0, IFERROR(SEARCH("penalt",LOWER($C28)),0)>0,IFERROR(SEARCH("total",LOWER($C28)),0)>0,IFERROR(SEARCH("interest",LOWER($C28)),0)>0,IFERROR(SEARCH("date",LOWER($C28)),0)>0,IFERROR(SEARCH("employee",LOWER($C28)),0)>0,IFERROR(SEARCH("average",LOWER($C28)),0)>0,IFERROR(SEARCH("median",LOWER($C28)),0)>0),"",1)) | T28: =IF($S28<>1,"",IF(IFERROR(SEARCH("(",D28),0)=0,D28,VALUE(TRIM(LEFT(D28,SEARCH(" (",D28)))))) | U28: =IF($S28<>1,"",IF(IFERROR(SEARCH("(",E28),0)=0,E28,VALUE(TRIM(LEFT(E28,SEARCH(" (",E28)))))) | V28: =IF($S28<>1,"",IF(IFERROR(SEARCH("(",F28),0)=0,F28,VALUE(TRIM(LEFT(F28,SEARCH(" (",F28)))))) | W28: =IF($S28<>1,"",IF(IFERROR(SEARCH("(",G28),0)=0,G28,VALUE(TRIM(LEFT(G28,SEARCH(" (",G28)))))) | X28: =IF($S28<>1,"",IF(IFERROR(SEARCH("(",H28),0)=0,H28,VALUE(TRIM(LEFT(H28,SEARCH(" (",H28)))))) | Y28: =IF($S28<>1,"",IF(IFERROR(SEARCH("(",I28),0)=0,I28,VALUE(TRIM(LEFT(I28,SEARCH(" (",I28)))))) | Z28: =IF($S28<>1,"",IF(IFERROR(SEARCH("(",J28),0)=0,J28,VALUE(TRIM(LEFT(J28,SEARCH(" (",J28)))))) | AA28: =IF($S28<>1,"",IF(IFERROR(SEARCH("(",K28),0)=0,K28,VALUE(TRIM(LEFT(K28,SEARCH(" (",K28)))))) | ... AC28: =IF($S28<>1,"",IF(IFERROR(SEARCH("(",M28),0)=0,M28,VALUE(TRIM(LEFT(M28,SEARCH(" (",M28))))))
C29: Pay periods with OT | D29: =_xlfn.LET(_xlpm.denom,D$27,_xlpm.calc,ROUND($Q29*_xlpm.denom,0),_xlpm.perc,_xlpm.calc/_xlpm.denom,IFERROR(IF(_xlpm.calc<1000,_xlfn.CONCAT(_xlpm.calc," (",TEXT(_xlpm.perc,"0.0%"),")"),_xlfn.CONCAT(TEXT(_xlpm.calc,"0,000")," (",TEXT(_xlpm.perc,"0.0%"),")")),"-")) -> - | E29: {=_xlfn.LET(_xlpm.denom,E$27,_xlpm.calc,IFERROR(ROWS(_xlfn.UNIQUE(_xlfn._xlws.FILTER(Pay_ID_Period_End,(Pay_Period_End >= E$22) * (Pay_Period_End <= E$23) * (IFERROR(SEARCH(E$1,Pay_Key_Gps),0)>0) * (pp_OT_Pay_Code = 1)))),0),_xlpm.perc,_xlpm.calc/_xlpm.denom,IFERROR(IF(_xlpm.calc<1000,_xlfn.CONCAT(_xlpm.calc," (",TEXT(_xlpm.perc,"0.0%"),")"),_xlfn.CONCAT(TEXT(_xlpm.calc,"0,000")," (",TEXT(_xlpm.perc,"0.0%"),")")),"-"))} -> - | F29: {=_xlfn.LET(_xlpm.denom,F$27,_xlpm.calc,IFERROR(ROWS(_xlfn.UNIQUE(_xlfn._xlws.FILTER(Pay_ID_Period_End,(Pay_Period_End >= F$22) * (Pay_Period_End <= F$23) * (IFERROR(SEARCH(F$1,Pay_Key_Gps),0)>0) * (pp_OT_Pay_Code = 1)))),0),_xlpm.perc,_xlpm.calc/_xlpm.denom,IFERROR(IF(_xlpm.calc<1000,_xlfn.CONCAT(_xlpm.calc," (",TEXT(_xlpm.perc,"0.0%"),")"),_xlfn.CONCAT(TEXT(_xlpm.calc,"0,000")," (",TEXT(_xlpm.perc,"0.0%"),")")),"-"))} -> - | G29: {=_xlfn.LET(_xlpm.denom,G$27,_xlpm.calc,IFERROR(ROWS(_xlfn.UNIQUE(_xlfn._xlws.FILTER(Pay_ID_Period_End,(Pay_Period_End >= G$22) * (Pay_Period_End <= G$23) * (IFERROR(SEARCH(G$1,Pay_Key_Gps),0)>0) * (pp_OT_Pay_Code = 1)))),0),_xlpm.perc,_xlpm.calc/_xlpm.denom,IFERROR(IF(_xlpm.calc<1000,_xlfn.CONCAT(_xlpm.calc," (",TEXT(_xlpm.perc,"0.0%"),")"),_xlfn.CONCAT(TEXT(_xlpm.calc,"0,000")," (",TEXT(_xlpm.perc,"0.0%"),")")),"-"))} -> - | H29: {=_xlfn.LET(_xlpm.denom,H$27,_xlpm.calc,IFERROR(ROWS(_xlfn.UNIQUE(_xlfn._xlws.FILTER(Pay_ID_Period_End,(Pay_Period_End >= H$22) * (Pay_Period_End <= H$23) * (IFERROR(SEARCH(H$1,Pay_Key_Gps),0)>0) * (pp_OT_Pay_Code = 1)))),0),_xlpm.perc,_xlpm.calc/_xlpm.denom,IFERROR(IF(_xlpm.calc<1000,_xlfn.CONCAT(_xlpm.calc," (",TEXT(_xlpm.perc,"0.0%"),")"),_xlfn.CONCAT(TEXT(_xlpm.calc,"0,000")," (",TEXT(_xlpm.perc,"0.0%"),")")),"-"))} -> - | I29: {=_xlfn.LET(_xlpm.denom,I$27,_xlpm.calc,IFERROR(ROWS(_xlfn.UNIQUE(_xlfn._xlws.FILTER(Pay_ID_Period_End,(Pay_Period_End >= I$22) * (Pay_Period_End <= I$23) * (IFERROR(SEARCH(I$1,Pay_Key_Gps),0)>0) * (pp_OT_Pay_Code = 1)))),0),_xlpm.perc,_xlpm.calc/_xlpm.denom,IFERROR(IF(_xlpm.calc<1000,_xlfn.CONCAT(_xlpm.calc," (",TEXT(_xlpm.perc,"0.0%"),")"),_xlfn.CONCAT(TEXT(_xlpm.calc,"0,000")," (",TEXT(_xlpm.perc,"0.0%"),")")),"-"))} -> - | J29: {=_xlfn.LET(_xlpm.denom,J$27,_xlpm.calc,IFERROR(ROWS(_xlfn.UNIQUE(_xlfn._xlws.FILTER(Pay_ID_Period_End,(Pay_Period_End >= J$22) * (Pay_Period_End <= J$23) * (IFERROR(SEARCH(J$1,Pay_Key_Gps),0)>0) * (pp_OT_Pay_Code = 1)))),0),_xlpm.perc,_xlpm.calc/_xlpm.denom,IFERROR(IF(_xlpm.calc<1000,_xlfn.CONCAT(_xlpm.calc," (",TEXT(_xlpm.perc,"0.0%"),")"),_xlfn.CONCAT(TEXT(_xlpm.calc,"0,000")," (",TEXT(_xlpm.perc,"0.0%"),")")),"-"))} -> - | K29: {=_xlfn.LET(_xlpm.denom,K$27,_xlpm.calc,IFERROR(ROWS(_xlfn.UNIQUE(_xlfn._xlws.FILTER(Pay_ID_Period_End,(Pay_Period_End >= K$22) * (Pay_Period_End <= K$23) * (IFERROR(SEARCH(K$1,Pay_Key_Gps),0)>0) * (pp_OT_Pay_Code = 1)))),0),_xlpm.perc,_xlpm.calc/_xlpm.denom,IFERROR(IF(_xlpm.calc<1000,_xlfn.CONCAT(_xlpm.calc," (",TEXT(_xlpm.perc,"0.0%"),")"),_xlfn.CONCAT(TEXT(_xlpm.calc,"0,000")," (",TEXT(_xlpm.perc,"0.0%"),")")),"-"))} -> - | L29: {=_xlfn.LET(_xlpm.denom,L$27,_xlpm.calc,IFERROR(ROWS(_xlfn.UNIQUE(_xlfn._xlws.FILTER(Pay_ID_Period_End,(Pay_Period_End >= L$22) * (Pay_Period_End <= L$23) * (IFERROR(SEARCH(L$1,Pay_Key_Gps),0)>0) * (pp_OT_Pay_Code = 1)))),0),_xlpm.perc,_xlpm.calc/_xlpm.denom,IFERROR(IF(_xlpm.calc<1000,_xlfn.CONCAT(_xlpm.calc," (",TEXT(_xlpm.perc,"0.0%"),")"),_xlfn.CONCAT(TEXT(_xlpm.calc,"0,000")," (",TEXT(_xlpm.perc,"0.0%"),")")),"-"))} -> - | M29: {=_xlfn.LET(_xlpm.denom,M$27,_xlpm.calc,IFERROR(ROWS(_xlfn.UNIQUE(_xlfn._xlws.FILTER(Pay_ID_Period_End,(Pay_Period_End >= M$22) * (Pay_Period_End <= M$23) * (IFERROR(SEARCH(M$1,Pay_Key_Gps),0)>0) * (pp_OT_Pay_Code = 1)))),0),_xlpm.perc,_xlpm.calc/_xlpm.denom,IFERROR(IF(_xlpm.calc<1000,_xlfn.CONCAT(_xlpm.calc," (",TEXT(_xlpm.perc,"0.0%"),")"),_xlfn.CONCAT(TEXT(_xlpm.calc,"0,000")," (",TEXT(_xlpm.perc,"0.0%"),")")),"-"))} -> - | N29: Percent of pay periods with hours worked. | Q29: =IF(IFERROR(SEARCH("(",E29),0)=0,"",VALUE(SUBSTITUTE(RIGHT(E29,LEN(E29)-SEARCH("(",E29)),")",""))) | R29: =IF(U29="","",SUM(V29:AB29)-U29) -> #VALUE! | S29: =IF($C29="","",IF(OR(IFERROR(SEARCH("min wage",LOWER($C29)),0)>0, IFERROR(SEARCH(" per ",LOWER($C29)),0)>0, IFERROR(SEARCH("penalt",LOWER($C29)),0)>0,IFERROR(SEARCH("total",LOWER($C29)),0)>0,IFERROR(SEARCH("interest",LOWER($C29)),0)>0,IFERROR(SEARCH("date",LOWER($C29)),0)>0,IFERROR(SEARCH("employee",LOWER($C29)),0)>0,IFERROR(SEARCH("average",LOWER($C29)),0)>0,IFERROR(SEARCH("median",LOWER($C29)),0)>0),"",1)) -> 1 | T29: =IF($S29<>1,"",IF(IFERROR(SEARCH("(",D29),0)=0,D29,VALUE(TRIM(LEFT(D29,SEARCH(" (",D29)))))) -> - | U29: =IF($S29<>1,"",IF(IFERROR(SEARCH("(",E29),0)=0,E29,VALUE(TRIM(LEFT(E29,SEARCH(" (",E29)))))) -> - | V29: =IF($S29<>1,"",IF(IFERROR(SEARCH("(",F29),0)=0,F29,VALUE(TRIM(LEFT(F29,SEARCH(" (",F29)))))) -> - | W29: =IF($S29<>1,"",IF(IFERROR(SEARCH("(",G29),0)=0,G29,VALUE(TRIM(LEFT(G29,SEARCH(" (",G29)))))) -> - | X29: =IF($S29<>1,"",IF(IFERROR(SEARCH("(",H29),0)=0,H29,VALUE(TRIM(LEFT(H29,SEARCH(" (",H29)))))) -> - | Y29: =IF($S29<>1,"",IF(IFERROR(SEARCH("(",I29),0)=0,I29,VALUE(TRIM(LEFT(I29,SEARCH(" (",I29)))))) -> - | Z29: =IF($S29<>1,"",IF(IFERROR(SEARCH("(",J29),0)=0,J29,VALUE(TRIM(LEFT(J29,SEARCH(" (",J29)))))) -> - | AA29: =IF($S29<>1,"",IF(IFERROR(SEARCH("(",K29),0)=0,K29,VALUE(TRIM(LEFT(K29,SEARCH(" (",K29)))))) -> - | ... AC29: =IF($S29<>1,"",IF(IFERROR(SEARCH("(",M29),0)=0,M29,VALUE(TRIM(LEFT(M29,SEARCH(" (",M29)))))) -> -
C30: Employees with DT | D30: =_xlfn.LET(_xlpm.denom,D$24,_xlpm.calc,ROUND($Q30*_xlpm.denom,0),_xlpm.perc,_xlpm.calc/_xlpm.denom,IFERROR(IF(_xlpm.calc<1000,_xlfn.CONCAT(_xlpm.calc," (",TEXT(_xlpm.perc,"0.0%"),")"),_xlfn.CONCAT(TEXT(_xlpm.calc,"0,000")," (",TEXT(_xlpm.perc,"0.0%"),")")),"-")) -> - | E30: {=_xlfn.LET(_xlpm.denom,E$24,_xlpm.calc,IFERROR(ROWS(_xlfn.UNIQUE(_xlfn._xlws.FILTER(Pay_ID,(Pay_Period_End >= E$22) * (Pay_Period_End <= E$23) * (IFERROR(SEARCH(E$1,Pay_Key_Gps),0)>0) * (pp_DT_Pay_Code = 1)))),0),_xlpm.perc,_xlpm.calc/_xlpm.denom,IFERROR(IF(_xlpm.calc<1000,_xlfn.CONCAT(_xlpm.calc," (",TEXT(_xlpm.perc,"0.0%"),")"),_xlfn.CONCAT(TEXT(_xlpm.calc,"0,000")," (",TEXT(_xlpm.perc,"0.0%"),")")),"-"))} -> - | F30: {=_xlfn.LET(_xlpm.denom,F$24,_xlpm.calc,IFERROR(ROWS(_xlfn.UNIQUE(_xlfn._xlws.FILTER(Pay_ID,(Pay_Period_End >= F$22) * (Pay_Period_End <= F$23) * (IFERROR(SEARCH(F$1,Pay_Key_Gps),0)>0) * (pp_DT_Pay_Code = 1)))),0),_xlpm.perc,_xlpm.calc/_xlpm.denom,IFERROR(IF(_xlpm.calc<1000,_xlfn.CONCAT(_xlpm.calc," (",TEXT(_xlpm.perc,"0.0%"),")"),_xlfn.CONCAT(TEXT(_xlpm.calc,"0,000")," (",TEXT(_xlpm.perc,"0.0%"),")")),"-"))} -> - | G30: {=_xlfn.LET(_xlpm.denom,G$24,_xlpm.calc,IFERROR(ROWS(_xlfn.UNIQUE(_xlfn._xlws.FILTER(Pay_ID,(Pay_Period_End >= G$22) * (Pay_Period_End <= G$23) * (IFERROR(SEARCH(G$1,Pay_Key_Gps),0)>0) * (pp_DT_Pay_Code = 1)))),0),_xlpm.perc,_xlpm.calc/_xlpm.denom,IFERROR(IF(_xlpm.calc<1000,_xlfn.CONCAT(_xlpm.calc," (",TEXT(_xlpm.perc,"0.0%"),")"),_xlfn.CONCAT(TEXT(_xlpm.calc,"0,000")," (",TEXT(_xlpm.perc,"0.0%"),")")),"-"))} -> - | H30: {=_xlfn.LET(_xlpm.denom,H$24,_xlpm.calc,IFERROR(ROWS(_xlfn.UNIQUE(_xlfn._xlws.FILTER(Pay_ID,(Pay_Period_End >= H$22) * (Pay_Period_End <= H$23) * (IFERROR(SEARCH(H$1,Pay_Key_Gps),0)>0) * (pp_DT_Pay_Code = 1)))),0),_xlpm.perc,_xlpm.calc/_xlpm.denom,IFERROR(IF(_xlpm.calc<1000,_xlfn.CONCAT(_xlpm.calc," (",TEXT(_xlpm.perc,"0.0%"),")"),_xlfn.CONCAT(TEXT(_xlpm.calc,"0,000")," (",TEXT(_xlpm.perc,"0.0%"),")")),"-"))} -> - | I30: {=_xlfn.LET(_xlpm.denom,I$24,_xlpm.calc,IFERROR(ROWS(_xlfn.UNIQUE(_xlfn._xlws.FILTER(Pay_ID,(Pay_Period_End >= I$22) * (Pay_Period_End <= I$23) * (IFERROR(SEARCH(I$1,Pay_Key_Gps),0)>0) * (pp_DT_Pay_Code = 1)))),0),_xlpm.perc,_xlpm.calc/_xlpm.denom,IFERROR(IF(_xlpm.calc<1000,_xlfn.CONCAT(_xlpm.calc," (",TEXT(_xlpm.perc,"0.0%"),")"),_xlfn.CONCAT(TEXT(_xlpm.calc,"0,000")," (",TEXT(_xlpm.perc,"0.0%"),")")),"-"))} -> - | J30: {=_xlfn.LET(_xlpm.denom,J$24,_xlpm.calc,IFERROR(ROWS(_xlfn.UNIQUE(_xlfn._xlws.FILTER(Pay_ID,(Pay_Period_End >= J$22) * (Pay_Period_End <= J$23) * (IFERROR(SEARCH(J$1,Pay_Key_Gps),0)>0) * (pp_DT_Pay_Code = 1)))),0),_xlpm.perc,_xlpm.calc/_xlpm.denom,IFERROR(IF(_xlpm.calc<1000,_xlfn.CONCAT(_xlpm.calc," (",TEXT(_xlpm.perc,"0.0%"),")"),_xlfn.CONCAT(TEXT(_xlpm.calc,"0,000")," (",TEXT(_xlpm.perc,"0.0%"),")")),"-"))} -> - | K30: {=_xlfn.LET(_xlpm.denom,K$24,_xlpm.calc,IFERROR(ROWS(_xlfn.UNIQUE(_xlfn._xlws.FILTER(Pay_ID,(Pay_Period_End >= K$22) * (Pay_Period_End <= K$23) * (IFERROR(SEARCH(K$1,Pay_Key_Gps),0)>0) * (pp_DT_Pay_Code = 1)))),0),_xlpm.perc,_xlpm.calc/_xlpm.denom,IFERROR(IF(_xlpm.calc<1000,_xlfn.CONCAT(_xlpm.calc," (",TEXT(_xlpm.perc,"0.0%"),")"),_xlfn.CONCAT(TEXT(_xlpm.calc,"0,000")," (",TEXT(_xlpm.perc,"0.0%"),")")),"-"))} -> - | L30: {=_xlfn.LET(_xlpm.denom,L$24,_xlpm.calc,IFERROR(ROWS(_xlfn.UNIQUE(_xlfn._xlws.FILTER(Pay_ID,(Pay_Period_End >= L$22) * (Pay_Period_End <= L$23) * (IFERROR(SEARCH(L$1,Pay_Key_Gps),0)>0) * (pp_DT_Pay_Code = 1)))),0),_xlpm.perc,_xlpm.calc/_xlpm.denom,IFERROR(IF(_xlpm.calc<1000,_xlfn.CONCAT(_xlpm.calc," (",TEXT(_xlpm.perc,"0.0%"),")"),_xlfn.CONCAT(TEXT(_xlpm.calc,"0,000")," (",TEXT(_xlpm.perc,"0.0%"),")")),"-"))} -> - | M30: {=_xlfn.LET(_xlpm.denom,M$24,_xlpm.calc,IFERROR(ROWS(_xlfn.UNIQUE(_xlfn._xlws.FILTER(Pay_ID,(Pay_Period_End >= M$22) * (Pay_Period_End <= M$23) * (IFERROR(SEARCH(M$1,Pay_Key_Gps),0)>0) * (pp_DT_Pay_Code = 1)))),0),_xlpm.perc,_xlpm.calc/_xlpm.denom,IFERROR(IF(_xlpm.calc<1000,_xlfn.CONCAT(_xlpm.calc," (",TEXT(_xlpm.perc,"0.0%"),")"),_xlfn.CONCAT(TEXT(_xlpm.calc,"0,000")," (",TEXT(_xlpm.perc,"0.0%"),")")),"-"))} -> - | N30: Percent of all employees. | Q30: =IF(IFERROR(SEARCH("(",E30),0)=0,"",VALUE(SUBSTITUTE(RIGHT(E30,LEN(E30)-SEARCH("(",E30)),")",""))) | R30: =IF(U30="","",SUM(V30:AB30)-U30) | S30: =IF($C30="","",IF(OR(IFERROR(SEARCH("min wage",LOWER($C30)),0)>0, IFERROR(SEARCH(" per ",LOWER($C30)),0)>0, IFERROR(SEARCH("penalt",LOWER($C30)),0)>0,IFERROR(SEARCH("total",LOWER($C30)),0)>0,IFERROR(SEARCH("interest",LOWER($C30)),0)>0,IFERROR(SEARCH("date",LOWER($C30)),0)>0,IFERROR(SEARCH("employee",LOWER($C30)),0)>0,IFERROR(SEARCH("average",LOWER($C30)),0)>0,IFERROR(SEARCH("median",LOWER($C30)),0)>0),"",1)) | T30: =IF($S30<>1,"",IF(IFERROR(SEARCH("(",D30),0)=0,D30,VALUE(TRIM(LEFT(D30,SEARCH(" (",D30)))))) | U30: =IF($S30<>1,"",IF(IFERROR(SEARCH("(",E30),0)=0,E30,VALUE(TRIM(LEFT(E30,SEARCH(" (",E30)))))) | V30: =IF($S30<>1,"",IF(IFERROR(SEARCH("(",F30),0)=0,F30,VALUE(TRIM(LEFT(F30,SEARCH(" (",F30)))))) | W30: =IF($S30<>1,"",IF(IFERROR(SEARCH("(",G30),0)=0,G30,VALUE(TRIM(LEFT(G30,SEARCH(" (",G30)))))) | X30: =IF($S30<>1,"",IF(IFERROR(SEARCH("(",H30),0)=0,H30,VALUE(TRIM(LEFT(H30,SEARCH(" (",H30)))))) | Y30: =IF($S30<>1,"",IF(IFERROR(SEARCH("(",I30),0)=0,I30,VALUE(TRIM(LEFT(I30,SEARCH(" (",I30)))))) | Z30: =IF($S30<>1,"",IF(IFERROR(SEARCH("(",J30),0)=0,J30,VALUE(TRIM(LEFT(J30,SEARCH(" (",J30)))))) | AA30: =IF($S30<>1,"",IF(IFERROR(SEARCH("(",K30),0)=0,K30,VALUE(TRIM(LEFT(K30,SEARCH(" (",K30)))))) | ... AC30: =IF($S30<>1,"",IF(IFERROR(SEARCH("(",M30),0)=0,M30,VALUE(TRIM(LEFT(M30,SEARCH(" (",M30))))))
C31: Pay periods with DT | D31: =_xlfn.LET(_xlpm.denom,D$27,_xlpm.calc,ROUND($Q31*_xlpm.denom,0),_xlpm.perc,_xlpm.calc/_xlpm.denom,IFERROR(IF(_xlpm.calc<1000,_xlfn.CONCAT(_xlpm.calc," (",TEXT(_xlpm.perc,"0.0%"),")"),_xlfn.CONCAT(TEXT(_xlpm.calc,"0,000")," (",TEXT(_xlpm.perc,"0.0%"),")")),"-")) -> - | E31: {=_xlfn.LET(_xlpm.denom,E$27,_xlpm.calc,IFERROR(ROWS(_xlfn.UNIQUE(_xlfn._xlws.FILTER(Pay_ID_Period_End,(Pay_Period_End >= E$22) * (Pay_Period_End <= E$23) * (IFERROR(SEARCH(E$1,Pay_Key_Gps),0)>0) * (pp_DT_Pay_Code = 1)))),0),_xlpm.perc,_xlpm.calc/_xlpm.denom,IFERROR(IF(_xlpm.calc<1000,_xlfn.CONCAT(_xlpm.calc," (",TEXT(_xlpm.perc,"0.0%"),")"),_xlfn.CONCAT(TEXT(_xlpm.calc,"0,000")," (",TEXT(_xlpm.perc,"0.0%"),")")),"-"))} -> - | F31: {=_xlfn.LET(_xlpm.denom,F$27,_xlpm.calc,IFERROR(ROWS(_xlfn.UNIQUE(_xlfn._xlws.FILTER(Pay_ID_Period_End,(Pay_Period_End >= F$22) * (Pay_Period_End <= F$23) * (IFERROR(SEARCH(F$1,Pay_Key_Gps),0)>0) * (pp_DT_Pay_Code = 1)))),0),_xlpm.perc,_xlpm.calc/_xlpm.denom,IFERROR(IF(_xlpm.calc<1000,_xlfn.CONCAT(_xlpm.calc," (",TEXT(_xlpm.perc,"0.0%"),")"),_xlfn.CONCAT(TEXT(_xlpm.calc,"0,000")," (",TEXT(_xlpm.perc,"0.0%"),")")),"-"))} -> - | G31: {=_xlfn.LET(_xlpm.denom,G$27,_xlpm.calc,IFERROR(ROWS(_xlfn.UNIQUE(_xlfn._xlws.FILTER(Pay_ID_Period_End,(Pay_Period_End >= G$22) * (Pay_Period_End <= G$23) * (IFERROR(SEARCH(G$1,Pay_Key_Gps),0)>0) * (pp_DT_Pay_Code = 1)))),0),_xlpm.perc,_xlpm.calc/_xlpm.denom,IFERROR(IF(_xlpm.calc<1000,_xlfn.CONCAT(_xlpm.calc," (",TEXT(_xlpm.perc,"0.0%"),")"),_xlfn.CONCAT(TEXT(_xlpm.calc,"0,000")," (",TEXT(_xlpm.perc,"0.0%"),")")),"-"))} -> - | H31: {=_xlfn.LET(_xlpm.denom,H$27,_xlpm.calc,IFERROR(ROWS(_xlfn.UNIQUE(_xlfn._xlws.FILTER(Pay_ID_Period_End,(Pay_Period_End >= H$22) * (Pay_Period_End <= H$23) * (IFERROR(SEARCH(H$1,Pay_Key_Gps),0)>0) * (pp_DT_Pay_Code = 1)))),0),_xlpm.perc,_xlpm.calc/_xlpm.denom,IFERROR(IF(_xlpm.calc<1000,_xlfn.CONCAT(_xlpm.calc," (",TEXT(_xlpm.perc,"0.0%"),")"),_xlfn.CONCAT(TEXT(_xlpm.calc,"0,000")," (",TEXT(_xlpm.perc,"0.0%"),")")),"-"))} -> - | I31: {=_xlfn.LET(_xlpm.denom,I$27,_xlpm.calc,IFERROR(ROWS(_xlfn.UNIQUE(_xlfn._xlws.FILTER(Pay_ID_Period_End,(Pay_Period_End >= I$22) * (Pay_Period_End <= I$23) * (IFERROR(SEARCH(I$1,Pay_Key_Gps),0)>0) * (pp_DT_Pay_Code = 1)))),0),_xlpm.perc,_xlpm.calc/_xlpm.denom,IFERROR(IF(_xlpm.calc<1000,_xlfn.CONCAT(_xlpm.calc," (",TEXT(_xlpm.perc,"0.0%"),")"),_xlfn.CONCAT(TEXT(_xlpm.calc,"0,000")," (",TEXT(_xlpm.perc,"0.0%"),")")),"-"))} -> - | J31: {=_xlfn.LET(_xlpm.denom,J$27,_xlpm.calc,IFERROR(ROWS(_xlfn.UNIQUE(_xlfn._xlws.FILTER(Pay_ID_Period_End,(Pay_Period_End >= J$22) * (Pay_Period_End <= J$23) * (IFERROR(SEARCH(J$1,Pay_Key_Gps),0)>0) * (pp_DT_Pay_Code = 1)))),0),_xlpm.perc,_xlpm.calc/_xlpm.denom,IFERROR(IF(_xlpm.calc<1000,_xlfn.CONCAT(_xlpm.calc," (",TEXT(_xlpm.perc,"0.0%"),")"),_xlfn.CONCAT(TEXT(_xlpm.calc,"0,000")," (",TEXT(_xlpm.perc,"0.0%"),")")),"-"))} -> - | K31: {=_xlfn.LET(_xlpm.denom,K$27,_xlpm.calc,IFERROR(ROWS(_xlfn.UNIQUE(_xlfn._xlws.FILTER(Pay_ID_Period_End,(Pay_Period_End >= K$22) * (Pay_Period_End <= K$23) * (IFERROR(SEARCH(K$1,Pay_Key_Gps),0)>0) * (pp_DT_Pay_Code = 1)))),0),_xlpm.perc,_xlpm.calc/_xlpm.denom,IFERROR(IF(_xlpm.calc<1000,_xlfn.CONCAT(_xlpm.calc," (",TEXT(_xlpm.perc,"0.0%"),")"),_xlfn.CONCAT(TEXT(_xlpm.calc,"0,000")," (",TEXT(_xlpm.perc,"0.0%"),")")),"-"))} -> - | L31: {=_xlfn.LET(_xlpm.denom,L$27,_xlpm.calc,IFERROR(ROWS(_xlfn.UNIQUE(_xlfn._xlws.FILTER(Pay_ID_Period_End,(Pay_Period_End >= L$22) * (Pay_Period_End <= L$23) * (IFERROR(SEARCH(L$1,Pay_Key_Gps),0)>0) * (pp_DT_Pay_Code = 1)))),0),_xlpm.perc,_xlpm.calc/_xlpm.denom,IFERROR(IF(_xlpm.calc<1000,_xlfn.CONCAT(_xlpm.calc," (",TEXT(_xlpm.perc,"0.0%"),")"),_xlfn.CONCAT(TEXT(_xlpm.calc,"0,000")," (",TEXT(_xlpm.perc,"0.0%"),")")),"-"))} -> - | M31: {=_xlfn.LET(_xlpm.denom,M$27,_xlpm.calc,IFERROR(ROWS(_xlfn.UNIQUE(_xlfn._xlws.FILTER(Pay_ID_Period_End,(Pay_Period_End >= M$22) * (Pay_Period_End <= M$23) * (IFERROR(SEARCH(M$1,Pay_Key_Gps),0)>0) * (pp_DT_Pay_Code = 1)))),0),_xlpm.perc,_xlpm.calc/_xlpm.denom,IFERROR(IF(_xlpm.calc<1000,_xlfn.CONCAT(_xlpm.calc," (",TEXT(_xlpm.perc,"0.0%"),")"),_xlfn.CONCAT(TEXT(_xlpm.calc,"0,000")," (",TEXT(_xlpm.perc,"0.0%"),")")),"-"))} -> - | N31: Percent of pay periods with hours worked. | Q31: =IF(IFERROR(SEARCH("(",E31),0)=0,"",VALUE(SUBSTITUTE(RIGHT(E31,LEN(E31)-SEARCH("(",E31)),")",""))) | R31: =IF(U31="","",SUM(V31:AB31)-U31) -> #VALUE! | S31: =IF($C31="","",IF(OR(IFERROR(SEARCH("min wage",LOWER($C31)),0)>0, IFERROR(SEARCH(" per ",LOWER($C31)),0)>0, IFERROR(SEARCH("penalt",LOWER($C31)),0)>0,IFERROR(SEARCH("total",LOWER($C31)),0)>0,IFERROR(SEARCH("interest",LOWER($C31)),0)>0,IFERROR(SEARCH("date",LOWER($C31)),0)>0,IFERROR(SEARCH("employee",LOWER($C31)),0)>0,IFERROR(SEARCH("average",LOWER($C31)),0)>0,IFERROR(SEARCH("median",LOWER($C31)),0)>0),"",1)) -> 1 | T31: =IF($S31<>1,"",IF(IFERROR(SEARCH("(",D31),0)=0,D31,VALUE(TRIM(LEFT(D31,SEARCH(" (",D31)))))) -> - | U31: =IF($S31<>1,"",IF(IFERROR(SEARCH("(",E31),0)=0,E31,VALUE(TRIM(LEFT(E31,SEARCH(" (",E31)))))) -> - | V31: =IF($S31<>1,"",IF(IFERROR(SEARCH("(",F31),0)=0,F31,VALUE(TRIM(LEFT(F31,SEARCH(" (",F31)))))) -> - | W31: =IF($S31<>1,"",IF(IFERROR(SEARCH("(",G31),0)=0,G31,VALUE(TRIM(LEFT(G31,SEARCH(" (",G31)))))) -> - | X31: =IF($S31<>1,"",IF(IFERROR(SEARCH("(",H31),0)=0,H31,VALUE(TRIM(LEFT(H31,SEARCH(" (",H31)))))) -> - | Y31: =IF($S31<>1,"",IF(IFERROR(SEARCH("(",I31),0)=0,I31,VALUE(TRIM(LEFT(I31,SEARCH(" (",I31)))))) -> - | Z31: =IF($S31<>1,"",IF(IFERROR(SEARCH("(",J31),0)=0,J31,VALUE(TRIM(LEFT(J31,SEARCH(" (",J31)))))) -> - | AA31: =IF($S31<>1,"",IF(IFERROR(SEARCH("(",K31),0)=0,K31,VALUE(TRIM(LEFT(K31,SEARCH(" (",K31)))))) -> - | ... AC31: =IF($S31<>1,"",IF(IFERROR(SEARCH("(",M31),0)=0,M31,VALUE(TRIM(LEFT(M31,SEARCH(" (",M31)))))) -> -
C32: Employees with meal premiums | D32: =_xlfn.LET(_xlpm.denom,D$24,_xlpm.calc,ROUND($Q32*_xlpm.denom,0),_xlpm.perc,_xlpm.calc/_xlpm.denom,IFERROR(IF(_xlpm.calc<1000,_xlfn.CONCAT(_xlpm.calc," (",TEXT(_xlpm.perc,"0.0%"),")"),_xlfn.CONCAT(TEXT(_xlpm.calc,"0,000")," (",TEXT(_xlpm.perc,"0.0%"),")")),"-")) -> - | E32: {=_xlfn.LET(_xlpm.denom,E$24,_xlpm.calc,IFERROR(ROWS(_xlfn.UNIQUE(_xlfn._xlws.FILTER(Pay_ID,(Pay_Period_End >= E$22) * (Pay_Period_End <= E$23) * (IFERROR(SEARCH(E$1,Pay_Key_Gps),0)>0) * (pp_Meal_Pay_Code = 1)))),0),_xlpm.perc,_xlpm.calc/_xlpm.denom,IFERROR(IF(_xlpm.calc<1000,_xlfn.CONCAT(_xlpm.calc," (",TEXT(_xlpm.perc,"0.0%"),")"),_xlfn.CONCAT(TEXT(_xlpm.calc,"0,000")," (",TEXT(_xlpm.perc,"0.0%"),")")),"-"))} -> - | F32: {=_xlfn.LET(_xlpm.denom,F$24,_xlpm.calc,IFERROR(ROWS(_xlfn.UNIQUE(_xlfn._xlws.FILTER(Pay_ID,(Pay_Period_End >= F$22) * (Pay_Period_End <= F$23) * (IFERROR(SEARCH(F$1,Pay_Key_Gps),0)>0) * (pp_Meal_Pay_Code = 1)))),0),_xlpm.perc,_xlpm.calc/_xlpm.denom,IFERROR(IF(_xlpm.calc<1000,_xlfn.CONCAT(_xlpm.calc," (",TEXT(_xlpm.perc,"0.0%"),")"),_xlfn.CONCAT(TEXT(_xlpm.calc,"0,000")," (",TEXT(_xlpm.perc,"0.0%"),")")),"-"))} -> - | G32: {=_xlfn.LET(_xlpm.denom,G$24,_xlpm.calc,IFERROR(ROWS(_xlfn.UNIQUE(_xlfn._xlws.FILTER(Pay_ID,(Pay_Period_End >= G$22) * (Pay_Period_End <= G$23) * (IFERROR(SEARCH(G$1,Pay_Key_Gps),0)>0) * (pp_Meal_Pay_Code = 1)))),0),_xlpm.perc,_xlpm.calc/_xlpm.denom,IFERROR(IF(_xlpm.calc<1000,_xlfn.CONCAT(_xlpm.calc," (",TEXT(_xlpm.perc,"0.0%"),")"),_xlfn.CONCAT(TEXT(_xlpm.calc,"0,000")," (",TEXT(_xlpm.perc,"0.0%"),")")),"-"))} -> - | H32: {=_xlfn.LET(_xlpm.denom,H$24,_xlpm.calc,IFERROR(ROWS(_xlfn.UNIQUE(_xlfn._xlws.FILTER(Pay_ID,(Pay_Period_End >= H$22) * (Pay_Period_End <= H$23) * (IFERROR(SEARCH(H$1,Pay_Key_Gps),0)>0) * (pp_Meal_Pay_Code = 1)))),0),_xlpm.perc,_xlpm.calc/_xlpm.denom,IFERROR(IF(_xlpm.calc<1000,_xlfn.CONCAT(_xlpm.calc," (",TEXT(_xlpm.perc,"0.0%"),")"),_xlfn.CONCAT(TEXT(_xlpm.calc,"0,000")," (",TEXT(_xlpm.perc,"0.0%"),")")),"-"))} -> - | I32: {=_xlfn.LET(_xlpm.denom,I$24,_xlpm.calc,IFERROR(ROWS(_xlfn.UNIQUE(_xlfn._xlws.FILTER(Pay_ID,(Pay_Period_End >= I$22) * (Pay_Period_End <= I$23) * (IFERROR(SEARCH(I$1,Pay_Key_Gps),0)>0) * (pp_Meal_Pay_Code = 1)))),0),_xlpm.perc,_xlpm.calc/_xlpm.denom,IFERROR(IF(_xlpm.calc<1000,_xlfn.CONCAT(_xlpm.calc," (",TEXT(_xlpm.perc,"0.0%"),")"),_xlfn.CONCAT(TEXT(_xlpm.calc,"0,000")," (",TEXT(_xlpm.perc,"0.0%"),")")),"-"))} -> - | J32: {=_xlfn.LET(_xlpm.denom,J$24,_xlpm.calc,IFERROR(ROWS(_xlfn.UNIQUE(_xlfn._xlws.FILTER(Pay_ID,(Pay_Period_End >= J$22) * (Pay_Period_End <= J$23) * (IFERROR(SEARCH(J$1,Pay_Key_Gps),0)>0) * (pp_Meal_Pay_Code = 1)))),0),_xlpm.perc,_xlpm.calc/_xlpm.denom,IFERROR(IF(_xlpm.calc<1000,_xlfn.CONCAT(_xlpm.calc," (",TEXT(_xlpm.perc,"0.0%"),")"),_xlfn.CONCAT(TEXT(_xlpm.calc,"0,000")," (",TEXT(_xlpm.perc,"0.0%"),")")),"-"))} -> - | K32: {=_xlfn.LET(_xlpm.denom,K$24,_xlpm.calc,IFERROR(ROWS(_xlfn.UNIQUE(_xlfn._xlws.FILTER(Pay_ID,(Pay_Period_End >= K$22) * (Pay_Period_End <= K$23) * (IFERROR(SEARCH(K$1,Pay_Key_Gps),0)>0) * (pp_Meal_Pay_Code = 1)))),0),_xlpm.perc,_xlpm.calc/_xlpm.denom,IFERROR(IF(_xlpm.calc<1000,_xlfn.CONCAT(_xlpm.calc," (",TEXT(_xlpm.perc,"0.0%"),")"),_xlfn.CONCAT(TEXT(_xlpm.calc,"0,000")," (",TEXT(_xlpm.perc,"0.0%"),")")),"-"))} -> - | L32: {=_xlfn.LET(_xlpm.denom,L$24,_xlpm.calc,IFERROR(ROWS(_xlfn.UNIQUE(_xlfn._xlws.FILTER(Pay_ID,(Pay_Period_End >= L$22) * (Pay_Period_End <= L$23) * (IFERROR(SEARCH(L$1,Pay_Key_Gps),0)>0) * (pp_Meal_Pay_Code = 1)))),0),_xlpm.perc,_xlpm.calc/_xlpm.denom,IFERROR(IF(_xlpm.calc<1000,_xlfn.CONCAT(_xlpm.calc," (",TEXT(_xlpm.perc,"0.0%"),")"),_xlfn.CONCAT(TEXT(_xlpm.calc,"0,000")," (",TEXT(_xlpm.perc,"0.0%"),")")),"-"))} -> - | M32: {=_xlfn.LET(_xlpm.denom,M$24,_xlpm.calc,IFERROR(ROWS(_xlfn.UNIQUE(_xlfn._xlws.FILTER(Pay_ID,(Pay_Period_End >= M$22) * (Pay_Period_End <= M$23) * (IFERROR(SEARCH(M$1,Pay_Key_Gps),0)>0) * (pp_Meal_Pay_Code = 1)))),0),_xlpm.perc,_xlpm.calc/_xlpm.denom,IFERROR(IF(_xlpm.calc<1000,_xlfn.CONCAT(_xlpm.calc," (",TEXT(_xlpm.perc,"0.0%"),")"),_xlfn.CONCAT(TEXT(_xlpm.calc,"0,000")," (",TEXT(_xlpm.perc,"0.0%"),")")),"-"))} -> - | N32: Percent of all employees. | Q32: =IF(IFERROR(SEARCH("(",E32),0)=0,"",VALUE(SUBSTITUTE(RIGHT(E32,LEN(E32)-SEARCH("(",E32)),")",""))) | R32: =IF(U32="","",SUM(V32:AB32)-U32) | S32: =IF($C32="","",IF(OR(IFERROR(SEARCH("min wage",LOWER($C32)),0)>0, IFERROR(SEARCH(" per ",LOWER($C32)),0)>0, IFERROR(SEARCH("penalt",LOWER($C32)),0)>0,IFERROR(SEARCH("total",LOWER($C32)),0)>0,IFERROR(SEARCH("interest",LOWER($C32)),0)>0,IFERROR(SEARCH("date",LOWER($C32)),0)>0,IFERROR(SEARCH("employee",LOWER($C32)),0)>0,IFERROR(SEARCH("average",LOWER($C32)),0)>0,IFERROR(SEARCH("median",LOWER($C32)),0)>0),"",1)) | T32: =IF($S32<>1,"",IF(IFERROR(SEARCH("(",D32),0)=0,D32,VALUE(TRIM(LEFT(D32,SEARCH(" (",D32)))))) | U32: =IF($S32<>1,"",IF(IFERROR(SEARCH("(",E32),0)=0,E32,VALUE(TRIM(LEFT(E32,SEARCH(" (",E32)))))) | V32: =IF($S32<>1,"",IF(IFERROR(SEARCH("(",F32),0)=0,F32,VALUE(TRIM(LEFT(F32,SEARCH(" (",F32)))))) | W32: =IF($S32<>1,"",IF(IFERROR(SEARCH("(",G32),0)=0,G32,VALUE(TRIM(LEFT(G32,SEARCH(" (",G32)))))) | X32: =IF($S32<>1,"",IF(IFERROR(SEARCH("(",H32),0)=0,H32,VALUE(TRIM(LEFT(H32,SEARCH(" (",H32)))))) | Y32: =IF($S32<>1,"",IF(IFERROR(SEARCH("(",I32),0)=0,I32,VALUE(TRIM(LEFT(I32,SEARCH(" (",I32)))))) | Z32: =IF($S32<>1,"",IF(IFERROR(SEARCH("(",J32),0)=0,J32,VALUE(TRIM(LEFT(J32,SEARCH(" (",J32)))))) | AA32: =IF($S32<>1,"",IF(IFERROR(SEARCH("(",K32),0)=0,K32,VALUE(TRIM(LEFT(K32,SEARCH(" (",K32)))))) | ... AC32: =IF($S32<>1,"",IF(IFERROR(SEARCH("(",M32),0)=0,M32,VALUE(TRIM(LEFT(M32,SEARCH(" (",M32))))))
C33: Pay periods with meal premiums | D33: =_xlfn.LET(_xlpm.denom,D$26,_xlpm.calc,ROUND($Q33*_xlpm.denom,0),_xlpm.perc,_xlpm.calc/_xlpm.denom,IFERROR(IF(_xlpm.calc<1000,_xlfn.CONCAT(_xlpm.calc," (",TEXT(_xlpm.perc,"0.0%"),")"),_xlfn.CONCAT(TEXT(_xlpm.calc,"0,000")," (",TEXT(_xlpm.perc,"0.0%"),")")),"-")) -> - | E33: {=_xlfn.LET(_xlpm.denom,E$26,_xlpm.calc,IFERROR(ROWS(_xlfn.UNIQUE(_xlfn._xlws.FILTER(Pay_ID_Period_End,(Pay_Period_End >= E$22) * (Pay_Period_End <= E$23) * (IFERROR(SEARCH(E$1,Pay_Key_Gps),0)>0) * (pp_Meal_Pay_Code = 1)))),0),_xlpm.perc,_xlpm.calc/_xlpm.denom,IFERROR(IF(_xlpm.calc<1000,_xlfn.CONCAT(_xlpm.calc," (",TEXT(_xlpm.perc,"0.0%"),")"),_xlfn.CONCAT(TEXT(_xlpm.calc,"0,000")," (",TEXT(_xlpm.perc,"0.0%"),")")),"-"))} -> - | F33: {=_xlfn.LET(_xlpm.denom,F$26,_xlpm.calc,IFERROR(ROWS(_xlfn.UNIQUE(_xlfn._xlws.FILTER(Pay_ID_Period_End,(Pay_Period_End >= F$22) * (Pay_Period_End <= F$23) * (IFERROR(SEARCH(F$1,Pay_Key_Gps),0)>0) * (pp_Meal_Pay_Code = 1)))),0),_xlpm.perc,_xlpm.calc/_xlpm.denom,IFERROR(IF(_xlpm.calc<1000,_xlfn.CONCAT(_xlpm.calc," (",TEXT(_xlpm.perc,"0.0%"),")"),_xlfn.CONCAT(TEXT(_xlpm.calc,"0,000")," (",TEXT(_xlpm.perc,"0.0%"),")")),"-"))} -> - | G33: {=_xlfn.LET(_xlpm.denom,G$26,_xlpm.calc,IFERROR(ROWS(_xlfn.UNIQUE(_xlfn._xlws.FILTER(Pay_ID_Period_End,(Pay_Period_End >= G$22) * (Pay_Period_End <= G$23) * (IFERROR(SEARCH(G$1,Pay_Key_Gps),0)>0) * (pp_Meal_Pay_Code = 1)))),0),_xlpm.perc,_xlpm.calc/_xlpm.denom,IFERROR(IF(_xlpm.calc<1000,_xlfn.CONCAT(_xlpm.calc," (",TEXT(_xlpm.perc,"0.0%"),")"),_xlfn.CONCAT(TEXT(_xlpm.calc,"0,000")," (",TEXT(_xlpm.perc,"0.0%"),")")),"-"))} -> - | H33: {=_xlfn.LET(_xlpm.denom,H$26,_xlpm.calc,IFERROR(ROWS(_xlfn.UNIQUE(_xlfn._xlws.FILTER(Pay_ID_Period_End,(Pay_Period_End >= H$22) * (Pay_Period_End <= H$23) * (IFERROR(SEARCH(H$1,Pay_Key_Gps),0)>0) * (pp_Meal_Pay_Code = 1)))),0),_xlpm.perc,_xlpm.calc/_xlpm.denom,IFERROR(IF(_xlpm.calc<1000,_xlfn.CONCAT(_xlpm.calc," (",TEXT(_xlpm.perc,"0.0%"),")"),_xlfn.CONCAT(TEXT(_xlpm.calc,"0,000")," (",TEXT(_xlpm.perc,"0.0%"),")")),"-"))} -> - | I33: {=_xlfn.LET(_xlpm.denom,I$26,_xlpm.calc,IFERROR(ROWS(_xlfn.UNIQUE(_xlfn._xlws.FILTER(Pay_ID_Period_End,(Pay_Period_End >= I$22) * (Pay_Period_End <= I$23) * (IFERROR(SEARCH(I$1,Pay_Key_Gps),0)>0) * (pp_Meal_Pay_Code = 1)))),0),_xlpm.perc,_xlpm.calc/_xlpm.denom,IFERROR(IF(_xlpm.calc<1000,_xlfn.CONCAT(_xlpm.calc," (",TEXT(_xlpm.perc,"0.0%"),")"),_xlfn.CONCAT(TEXT(_xlpm.calc,"0,000")," (",TEXT(_xlpm.perc,"0.0%"),")")),"-"))} -> - | J33: {=_xlfn.LET(_xlpm.denom,J$26,_xlpm.calc,IFERROR(ROWS(_xlfn.UNIQUE(_xlfn._xlws.FILTER(Pay_ID_Period_End,(Pay_Period_End >= J$22) * (Pay_Period_End <= J$23) * (IFERROR(SEARCH(J$1,Pay_Key_Gps),0)>0) * (pp_Meal_Pay_Code = 1)))),0),_xlpm.perc,_xlpm.calc/_xlpm.denom,IFERROR(IF(_xlpm.calc<1000,_xlfn.CONCAT(_xlpm.calc," (",TEXT(_xlpm.perc,"0.0%"),")"),_xlfn.CONCAT(TEXT(_xlpm.calc,"0,000")," (",TEXT(_xlpm.perc,"0.0%"),")")),"-"))} -> - | K33: {=_xlfn.LET(_xlpm.denom,K$26,_xlpm.calc,IFERROR(ROWS(_xlfn.UNIQUE(_xlfn._xlws.FILTER(Pay_ID_Period_End,(Pay_Period_End >= K$22) * (Pay_Period_End <= K$23) * (IFERROR(SEARCH(K$1,Pay_Key_Gps),0)>0) * (pp_Meal_Pay_Code = 1)))),0),_xlpm.perc,_xlpm.calc/_xlpm.denom,IFERROR(IF(_xlpm.calc<1000,_xlfn.CONCAT(_xlpm.calc," (",TEXT(_xlpm.perc,"0.0%"),")"),_xlfn.CONCAT(TEXT(_xlpm.calc,"0,000")," (",TEXT(_xlpm.perc,"0.0%"),")")),"-"))} -> - | L33: {=_xlfn.LET(_xlpm.denom,L$26,_xlpm.calc,IFERROR(ROWS(_xlfn.UNIQUE(_xlfn._xlws.FILTER(Pay_ID_Period_End,(Pay_Period_End >= L$22) * (Pay_Period_End <= L$23) * (IFERROR(SEARCH(L$1,Pay_Key_Gps),0)>0) * (pp_Meal_Pay_Code = 1)))),0),_xlpm.perc,_xlpm.calc/_xlpm.denom,IFERROR(IF(_xlpm.calc<1000,_xlfn.CONCAT(_xlpm.calc," (",TEXT(_xlpm.perc,"0.0%"),")"),_xlfn.CONCAT(TEXT(_xlpm.calc,"0,000")," (",TEXT(_xlpm.perc,"0.0%"),")")),"-"))} -> - | M33: {=_xlfn.LET(_xlpm.denom,M$26,_xlpm.calc,IFERROR(ROWS(_xlfn.UNIQUE(_xlfn._xlws.FILTER(Pay_ID_Period_End,(Pay_Period_End >= M$22) * (Pay_Period_End <= M$23) * (IFERROR(SEARCH(M$1,Pay_Key_Gps),0)>0) * (pp_Meal_Pay_Code = 1)))),0),_xlpm.perc,_xlpm.calc/_xlpm.denom,IFERROR(IF(_xlpm.calc<1000,_xlfn.CONCAT(_xlpm.calc," (",TEXT(_xlpm.perc,"0.0%"),")"),_xlfn.CONCAT(TEXT(_xlpm.calc,"0,000")," (",TEXT(_xlpm.perc,"0.0%"),")")),"-"))} -> - | N33: Percent of all pay periods. | Q33: =IF(IFERROR(SEARCH("(",E33),0)=0,"",VALUE(SUBSTITUTE(RIGHT(E33,LEN(E33)-SEARCH("(",E33)),")",""))) | R33: =IF(U33="","",SUM(V33:AB33)-U33) -> #VALUE! | S33: =IF($C33="","",IF(OR(IFERROR(SEARCH("min wage",LOWER($C33)),0)>0, IFERROR(SEARCH(" per ",LOWER($C33)),0)>0, IFERROR(SEARCH("penalt",LOWER($C33)),0)>0,IFERROR(SEARCH("total",LOWER($C33)),0)>0,IFERROR(SEARCH("interest",LOWER($C33)),0)>0,IFERROR(SEARCH("date",LOWER($C33)),0)>0,IFERROR(SEARCH("employee",LOWER($C33)),0)>0,IFERROR(SEARCH("average",LOWER($C33)),0)>0,IFERROR(SEARCH("median",LOWER($C33)),0)>0),"",1)) -> 1 | T33: =IF($S33<>1,"",IF(IFERROR(SEARCH("(",D33),0)=0,D33,VALUE(TRIM(LEFT(D33,SEARCH(" (",D33)))))) -> - | U33: =IF($S33<>1,"",IF(IFERROR(SEARCH("(",E33),0)=0,E33,VALUE(TRIM(LEFT(E33,SEARCH(" (",E33)))))) -> - | V33: =IF($S33<>1,"",IF(IFERROR(SEARCH("(",F33),0)=0,F33,VALUE(TRIM(LEFT(F33,SEARCH(" (",F33)))))) -> - | W33: =IF($S33<>1,"",IF(IFERROR(SEARCH("(",G33),0)=0,G33,VALUE(TRIM(LEFT(G33,SEARCH(" (",G33)))))) -> - | X33: =IF($S33<>1,"",IF(IFERROR(SEARCH("(",H33),0)=0,H33,VALUE(TRIM(LEFT(H33,SEARCH(" (",H33)))))) -> - | Y33: =IF($S33<>1,"",IF(IFERROR(SEARCH("(",I33),0)=0,I33,VALUE(TRIM(LEFT(I33,SEARCH(" (",I33)))))) -> - | Z33: =IF($S33<>1,"",IF(IFERROR(SEARCH("(",J33),0)=0,J33,VALUE(TRIM(LEFT(J33,SEARCH(" (",J33)))))) -> - | AA33: =IF($S33<>1,"",IF(IFERROR(SEARCH("(",K33),0)=0,K33,VALUE(TRIM(LEFT(K33,SEARCH(" (",K33)))))) -> - | ... AC33: =IF($S33<>1,"",IF(IFERROR(SEARCH("(",M33),0)=0,M33,VALUE(TRIM(LEFT(M33,SEARCH(" (",M33)))))) -> -
A34: 1 | C34: Meal premium hrs | D34: =IFERROR(ROUND(E34/E$26*D$26,0),"-") -> - | E34: {=SUMIFS(Pay_Hours,Pay_Period_End,">="&E$22,Pay_Period_End,"<="&E$23,Pay_Key_Gps,"*"&E$1&"*",Meal_Pay_Code,1)} -> #NAME? | F34: {=SUMIFS(Pay_Hours,Pay_Period_End,">="&F$22,Pay_Period_End,"<="&F$23,Pay_Key_Gps,"*"&F$1&"*",Meal_Pay_Code,1)} -> #NAME? | G34: {=SUMIFS(Pay_Hours,Pay_Period_End,">="&G$22,Pay_Period_End,"<="&G$23,Pay_Key_Gps,"*"&G$1&"*",Meal_Pay_Code,1)} -> #NAME? | H34: {=SUMIFS(Pay_Hours,Pay_Period_End,">="&H$22,Pay_Period_End,"<="&H$23,Pay_Key_Gps,"*"&H$1&"*",Meal_Pay_Code,1)} -> #NAME? | I34: {=SUMIFS(Pay_Hours,Pay_Period_End,">="&I$22,Pay_Period_End,"<="&I$23,Pay_Key_Gps,"*"&I$1&"*",Meal_Pay_Code,1)} -> #NAME? | J34: {=SUMIFS(Pay_Hours,Pay_Period_End,">="&J$22,Pay_Period_End,"<="&J$23,Pay_Key_Gps,"*"&J$1&"*",Meal_Pay_Code,1)} -> #NAME? | K34: {=SUMIFS(Pay_Hours,Pay_Period_End,">="&K$22,Pay_Period_End,"<="&K$23,Pay_Key_Gps,"*"&K$1&"*",Meal_Pay_Code,1)} -> #NAME? | L34: {=SUMIFS(Pay_Hours,Pay_Period_End,">="&L$22,Pay_Period_End,"<="&L$23,Pay_Key_Gps,"*"&L$1&"*",Meal_Pay_Code,1)} -> #NAME? | M34: {=SUMIFS(Pay_Hours,Pay_Period_End,">="&M$22,Pay_Period_End,"<="&M$23,Pay_Key_Gps,"*"&M$1&"*",Meal_Pay_Code,1)} -> #NAME? | Q34: =IF(IFERROR(SEARCH("(",E34),0)=0,"",VALUE(SUBSTITUTE(RIGHT(E34,LEN(E34)-SEARCH("(",E34)),")",""))) | R34: =IF(U34="","",SUM(V34:AB34)-U34) -> #NAME? | S34: =IF($C34="","",IF(OR(IFERROR(SEARCH("min wage",LOWER($C34)),0)>0, IFERROR(SEARCH(" per ",LOWER($C34)),0)>0, IFERROR(SEARCH("penalt",LOWER($C34)),0)>0,IFERROR(SEARCH("total",LOWER($C34)),0)>0,IFERROR(SEARCH("interest",LOWER($C34)),0)>0,IFERROR(SEARCH("date",LOWER($C34)),0)>0,IFERROR(SEARCH("employee",LOWER($C34)),0)>0,IFERROR(SEARCH("average",LOWER($C34)),0)>0,IFERROR(SEARCH("median",LOWER($C34)),0)>0),"",1)) -> 1 | T34: =IF($S34<>1,"",IF(IFERROR(SEARCH("(",D34),0)=0,D34,VALUE(TRIM(LEFT(D34,SEARCH(" (",D34)))))) -> - | U34: =IF($S34<>1,"",IF(IFERROR(SEARCH("(",E34),0)=0,E34,VALUE(TRIM(LEFT(E34,SEARCH(" (",E34)))))) -> #NAME? | V34: =IF($S34<>1,"",IF(IFERROR(SEARCH("(",F34),0)=0,F34,VALUE(TRIM(LEFT(F34,SEARCH(" (",F34)))))) -> #NAME? | W34: =IF($S34<>1,"",IF(IFERROR(SEARCH("(",G34),0)=0,G34,VALUE(TRIM(LEFT(G34,SEARCH(" (",G34)))))) -> #NAME? | X34: =IF($S34<>1,"",IF(IFERROR(SEARCH("(",H34),0)=0,H34,VALUE(TRIM(LEFT(H34,SEARCH(" (",H34)))))) -> #NAME? | Y34: =IF($S34<>1,"",IF(IFERROR(SEARCH("(",I34),0)=0,I34,VALUE(TRIM(LEFT(I34,SEARCH(" (",I34)))))) -> #NAME? | Z34: =IF($S34<>1,"",IF(IFERROR(SEARCH("(",J34),0)=0,J34,VALUE(TRIM(LEFT(J34,SEARCH(" (",J34)))))) -> #NAME? | AA34: =IF($S34<>1,"",IF(IFERROR(SEARCH("(",K34),0)=0,K34,VALUE(TRIM(LEFT(K34,SEARCH(" (",K34)))))) -> #NAME? | ... AC34: =IF($S34<>1,"",IF(IFERROR(SEARCH("(",M34),0)=0,M34,VALUE(TRIM(LEFT(M34,SEARCH(" (",M34)))))) -> #NAME?
A35: 1 | C35: Meal premium $ | D35: =IFERROR(E35/E34*D34,"-") -> - | E35: {=SUMIFS(Pay_Amount,Pay_Period_End,">="&E$22,Pay_Period_End,"<="&E$23,Pay_Key_Gps,"*"&E$1&"*",Meal_Pay_Code,1)} -> #NAME? | F35: {=SUMIFS(Pay_Amount,Pay_Period_End,">="&F$22,Pay_Period_End,"<="&F$23,Pay_Key_Gps,"*"&F$1&"*",Meal_Pay_Code,1)} -> #NAME? | G35: {=SUMIFS(Pay_Amount,Pay_Period_End,">="&G$22,Pay_Period_End,"<="&G$23,Pay_Key_Gps,"*"&G$1&"*",Meal_Pay_Code,1)} -> #NAME? | H35: {=SUMIFS(Pay_Amount,Pay_Period_End,">="&H$22,Pay_Period_End,"<="&H$23,Pay_Key_Gps,"*"&H$1&"*",Meal_Pay_Code,1)} -> #NAME? | I35: {=SUMIFS(Pay_Amount,Pay_Period_End,">="&I$22,Pay_Period_End,"<="&I$23,Pay_Key_Gps,"*"&I$1&"*",Meal_Pay_Code,1)} -> #NAME? | J35: {=SUMIFS(Pay_Amount,Pay_Period_End,">="&J$22,Pay_Period_End,"<="&J$23,Pay_Key_Gps,"*"&J$1&"*",Meal_Pay_Code,1)} -> #NAME? | K35: {=SUMIFS(Pay_Amount,Pay_Period_End,">="&K$22,Pay_Period_End,"<="&K$23,Pay_Key_Gps,"*"&K$1&"*",Meal_Pay_Code,1)} -> #NAME? | L35: {=SUMIFS(Pay_Amount,Pay_Period_End,">="&L$22,Pay_Period_End,"<="&L$23,Pay_Key_Gps,"*"&L$1&"*",Meal_Pay_Code,1)} -> #NAME? | M35: {=SUMIFS(Pay_Amount,Pay_Period_End,">="&M$22,Pay_Period_End,"<="&M$23,Pay_Key_Gps,"*"&M$1&"*",Meal_Pay_Code,1)} -> #NAME? | Q35: =IF(IFERROR(SEARCH("(",E35),0)=0,"",VALUE(SUBSTITUTE(RIGHT(E35,LEN(E35)-SEARCH("(",E35)),")",""))) | R35: =IF(U35="","",SUM(V35:AB35)-U35) -> #NAME? | S35: =IF($C35="","",IF(OR(IFERROR(SEARCH("min wage",LOWER($C35)),0)>0, IFERROR(SEARCH(" per ",LOWER($C35)),0)>0, IFERROR(SEARCH("penalt",LOWER($C35)),0)>0,IFERROR(SEARCH("total",LOWER($C35)),0)>0,IFERROR(SEARCH("interest",LOWER($C35)),0)>0,IFERROR(SEARCH("date",LOWER($C35)),0)>0,IFERROR(SEARCH("employee",LOWER($C35)),0)>0,IFERROR(SEARCH("average",LOWER($C35)),0)>0,IFERROR(SEARCH("median",LOWER($C35)),0)>0),"",1)) -> 1 | T35: =IF($S35<>1,"",IF(IFERROR(SEARCH("(",D35),0)=0,D35,VALUE(TRIM(LEFT(D35,SEARCH(" (",D35)))))) -> - | U35: =IF($S35<>1,"",IF(IFERROR(SEARCH("(",E35),0)=0,E35,VALUE(TRIM(LEFT(E35,SEARCH(" (",E35)))))) -> #NAME? | V35: =IF($S35<>1,"",IF(IFERROR(SEARCH("(",F35),0)=0,F35,VALUE(TRIM(LEFT(F35,SEARCH(" (",F35)))))) -> #NAME? | W35: =IF($S35<>1,"",IF(IFERROR(SEARCH("(",G35),0)=0,G35,VALUE(TRIM(LEFT(G35,SEARCH(" (",G35)))))) -> #NAME? | X35: =IF($S35<>1,"",IF(IFERROR(SEARCH("(",H35),0)=0,H35,VALUE(TRIM(LEFT(H35,SEARCH(" (",H35)))))) -> #NAME? | Y35: =IF($S35<>1,"",IF(IFERROR(SEARCH("(",I35),0)=0,I35,VALUE(TRIM(LEFT(I35,SEARCH(" (",I35)))))) -> #NAME? | Z35: =IF($S35<>1,"",IF(IFERROR(SEARCH("(",J35),0)=0,J35,VALUE(TRIM(LEFT(J35,SEARCH(" (",J35)))))) -> #NAME? | AA35: =IF($S35<>1,"",IF(IFERROR(SEARCH("(",K35),0)=0,K35,VALUE(TRIM(LEFT(K35,SEARCH(" (",K35)))))) -> #NAME? | ... AC35: =IF($S35<>1,"",IF(IFERROR(SEARCH("(",M35),0)=0,M35,VALUE(TRIM(LEFT(M35,SEARCH(" (",M35)))))) -> #NAME?
C36: Employees with rest premiums | D36: =_xlfn.LET(_xlpm.denom,D$24,_xlpm.calc,ROUND($Q36*_xlpm.denom,0),_xlpm.perc,_xlpm.calc/_xlpm.denom,IFERROR(IF(_xlpm.calc<1000,_xlfn.CONCAT(_xlpm.calc," (",TEXT(_xlpm.perc,"0.0%"),")"),_xlfn.CONCAT(TEXT(_xlpm.calc,"0,000")," (",TEXT(_xlpm.perc,"0.0%"),")")),"-")) -> - | E36: {=_xlfn.LET(_xlpm.denom,E$24,_xlpm.calc,IFERROR(ROWS(_xlfn.UNIQUE(_xlfn._xlws.FILTER(Pay_ID,(Pay_Period_End >= E$22) * (Pay_Period_End <= E$23) * (IFERROR(SEARCH(E$1,Pay_Key_Gps),0)>0) * (pp_Rest_Pay_Code = 1)))),0),_xlpm.perc,_xlpm.calc/_xlpm.denom,IFERROR(IF(_xlpm.calc<1000,_xlfn.CONCAT(_xlpm.calc," (",TEXT(_xlpm.perc,"0.0%"),")"),_xlfn.CONCAT(TEXT(_xlpm.calc,"0,000")," (",TEXT(_xlpm.perc,"0.0%"),")")),"-"))} -> - | F36: {=_xlfn.LET(_xlpm.denom,F$24,_xlpm.calc,IFERROR(ROWS(_xlfn.UNIQUE(_xlfn._xlws.FILTER(Pay_ID,(Pay_Period_End >= F$22) * (Pay_Period_End <= F$23) * (IFERROR(SEARCH(F$1,Pay_Key_Gps),0)>0) * (pp_Rest_Pay_Code = 1)))),0),_xlpm.perc,_xlpm.calc/_xlpm.denom,IFERROR(IF(_xlpm.calc<1000,_xlfn.CONCAT(_xlpm.calc," (",TEXT(_xlpm.perc,"0.0%"),")"),_xlfn.CONCAT(TEXT(_xlpm.calc,"0,000")," (",TEXT(_xlpm.perc,"0.0%"),")")),"-"))} -> - | G36: {=_xlfn.LET(_xlpm.denom,G$24,_xlpm.calc,IFERROR(ROWS(_xlfn.UNIQUE(_xlfn._xlws.FILTER(Pay_ID,(Pay_Period_End >= G$22) * (Pay_Period_End <= G$23) * (IFERROR(SEARCH(G$1,Pay_Key_Gps),0)>0) * (pp_Rest_Pay_Code = 1)))),0),_xlpm.perc,_xlpm.calc/_xlpm.denom,IFERROR(IF(_xlpm.calc<1000,_xlfn.CONCAT(_xlpm.calc," (",TEXT(_xlpm.perc,"0.0%"),")"),_xlfn.CONCAT(TEXT(_xlpm.calc,"0,000")," (",TEXT(_xlpm.perc,"0.0%"),")")),"-"))} -> - | H36: {=_xlfn.LET(_xlpm.denom,H$24,_xlpm.calc,IFERROR(ROWS(_xlfn.UNIQUE(_xlfn._xlws.FILTER(Pay_ID,(Pay_Period_End >= H$22) * (Pay_Period_End <= H$23) * (IFERROR(SEARCH(H$1,Pay_Key_Gps),0)>0) * (pp_Rest_Pay_Code = 1)))),0),_xlpm.perc,_xlpm.calc/_xlpm.denom,IFERROR(IF(_xlpm.calc<1000,_xlfn.CONCAT(_xlpm.calc," (",TEXT(_xlpm.perc,"0.0%"),")"),_xlfn.CONCAT(TEXT(_xlpm.calc,"0,000")," (",TEXT(_xlpm.perc,"0.0%"),")")),"-"))} -> - | I36: {=_xlfn.LET(_xlpm.denom,I$24,_xlpm.calc,IFERROR(ROWS(_xlfn.UNIQUE(_xlfn._xlws.FILTER(Pay_ID,(Pay_Period_End >= I$22) * (Pay_Period_End <= I$23) * (IFERROR(SEARCH(I$1,Pay_Key_Gps),0)>0) * (pp_Rest_Pay_Code = 1)))),0),_xlpm.perc,_xlpm.calc/_xlpm.denom,IFERROR(IF(_xlpm.calc<1000,_xlfn.CONCAT(_xlpm.calc," (",TEXT(_xlpm.perc,"0.0%"),")"),_xlfn.CONCAT(TEXT(_xlpm.calc,"0,000")," (",TEXT(_xlpm.perc,"0.0%"),")")),"-"))} -> - | J36: {=_xlfn.LET(_xlpm.denom,J$24,_xlpm.calc,IFERROR(ROWS(_xlfn.UNIQUE(_xlfn._xlws.FILTER(Pay_ID,(Pay_Period_End >= J$22) * (Pay_Period_End <= J$23) * (IFERROR(SEARCH(J$1,Pay_Key_Gps),0)>0) * (pp_Rest_Pay_Code = 1)))),0),_xlpm.perc,_xlpm.calc/_xlpm.denom,IFERROR(IF(_xlpm.calc<1000,_xlfn.CONCAT(_xlpm.calc," (",TEXT(_xlpm.perc,"0.0%"),")"),_xlfn.CONCAT(TEXT(_xlpm.calc,"0,000")," (",TEXT(_xlpm.perc,"0.0%"),")")),"-"))} -> - | K36: {=_xlfn.LET(_xlpm.denom,K$24,_xlpm.calc,IFERROR(ROWS(_xlfn.UNIQUE(_xlfn._xlws.FILTER(Pay_ID,(Pay_Period_End >= K$22) * (Pay_Period_End <= K$23) * (IFERROR(SEARCH(K$1,Pay_Key_Gps),0)>0) * (pp_Rest_Pay_Code = 1)))),0),_xlpm.perc,_xlpm.calc/_xlpm.denom,IFERROR(IF(_xlpm.calc<1000,_xlfn.CONCAT(_xlpm.calc," (",TEXT(_xlpm.perc,"0.0%"),")"),_xlfn.CONCAT(TEXT(_xlpm.calc,"0,000")," (",TEXT(_xlpm.perc,"0.0%"),")")),"-"))} -> - | L36: {=_xlfn.LET(_xlpm.denom,L$24,_xlpm.calc,IFERROR(ROWS(_xlfn.UNIQUE(_xlfn._xlws.FILTER(Pay_ID,(Pay_Period_End >= L$22) * (Pay_Period_End <= L$23) * (IFERROR(SEARCH(L$1,Pay_Key_Gps),0)>0) * (pp_Rest_Pay_Code = 1)))),0),_xlpm.perc,_xlpm.calc/_xlpm.denom,IFERROR(IF(_xlpm.calc<1000,_xlfn.CONCAT(_xlpm.calc," (",TEXT(_xlpm.perc,"0.0%"),")"),_xlfn.CONCAT(TEXT(_xlpm.calc,"0,000")," (",TEXT(_xlpm.perc,"0.0%"),")")),"-"))} -> - | M36: {=_xlfn.LET(_xlpm.denom,M$24,_xlpm.calc,IFERROR(ROWS(_xlfn.UNIQUE(_xlfn._xlws.FILTER(Pay_ID,(Pay_Period_End >= M$22) * (Pay_Period_End <= M$23) * (IFERROR(SEARCH(M$1,Pay_Key_Gps),0)>0) * (pp_Rest_Pay_Code = 1)))),0),_xlpm.perc,_xlpm.calc/_xlpm.denom,IFERROR(IF(_xlpm.calc<1000,_xlfn.CONCAT(_xlpm.calc," (",TEXT(_xlpm.perc,"0.0%"),")"),_xlfn.CONCAT(TEXT(_xlpm.calc,"0,000")," (",TEXT(_xlpm.perc,"0.0%"),")")),"-"))} -> - | N36: Percent of all employees. | Q36: =IF(IFERROR(SEARCH("(",E36),0)=0,"",VALUE(SUBSTITUTE(RIGHT(E36,LEN(E36)-SEARCH("(",E36)),")",""))) | R36: =IF(U36="","",SUM(V36:AB36)-U36) | S36: =IF($C36="","",IF(OR(IFERROR(SEARCH("min wage",LOWER($C36)),0)>0, IFERROR(SEARCH(" per ",LOWER($C36)),0)>0, IFERROR(SEARCH("penalt",LOWER($C36)),0)>0,IFERROR(SEARCH("total",LOWER($C36)),0)>0,IFERROR(SEARCH("interest",LOWER($C36)),0)>0,IFERROR(SEARCH("date",LOWER($C36)),0)>0,IFERROR(SEARCH("employee",LOWER($C36)),0)>0,IFERROR(SEARCH("average",LOWER($C36)),0)>0,IFERROR(SEARCH("median",LOWER($C36)),0)>0),"",1)) | T36: =IF($S36<>1,"",IF(IFERROR(SEARCH("(",D36),0)=0,D36,VALUE(TRIM(LEFT(D36,SEARCH(" (",D36)))))) | U36: =IF($S36<>1,"",IF(IFERROR(SEARCH("(",E36),0)=0,E36,VALUE(TRIM(LEFT(E36,SEARCH(" (",E36)))))) | V36: =IF($S36<>1,"",IF(IFERROR(SEARCH("(",F36),0)=0,F36,VALUE(TRIM(LEFT(F36,SEARCH(" (",F36)))))) | W36: =IF($S36<>1,"",IF(IFERROR(SEARCH("(",G36),0)=0,G36,VALUE(TRIM(LEFT(G36,SEARCH(" (",G36)))))) | X36: =IF($S36<>1,"",IF(IFERROR(SEARCH("(",H36),0)=0,H36,VALUE(TRIM(LEFT(H36,SEARCH(" (",H36)))))) | Y36: =IF($S36<>1,"",IF(IFERROR(SEARCH("(",I36),0)=0,I36,VALUE(TRIM(LEFT(I36,SEARCH(" (",I36)))))) | Z36: =IF($S36<>1,"",IF(IFERROR(SEARCH("(",J36),0)=0,J36,VALUE(TRIM(LEFT(J36,SEARCH(" (",J36)))))) | AA36: =IF($S36<>1,"",IF(IFERROR(SEARCH("(",K36),0)=0,K36,VALUE(TRIM(LEFT(K36,SEARCH(" (",K36)))))) | ... AC36: =IF($S36<>1,"",IF(IFERROR(SEARCH("(",M36),0)=0,M36,VALUE(TRIM(LEFT(M36,SEARCH(" (",M36))))))
C37: Pay periods with rest premiums | D37: =_xlfn.LET(_xlpm.denom,D$26,_xlpm.calc,ROUND($Q37*_xlpm.denom,0),_xlpm.perc,_xlpm.calc/_xlpm.denom,IFERROR(IF(_xlpm.calc<1000,_xlfn.CONCAT(_xlpm.calc," (",TEXT(_xlpm.perc,"0.0%"),")"),_xlfn.CONCAT(TEXT(_xlpm.calc,"0,000")," (",TEXT(_xlpm.perc,"0.0%"),")")),"-")) -> - | E37: {=_xlfn.LET(_xlpm.denom,E$26,_xlpm.calc,IFERROR(ROWS(_xlfn.UNIQUE(_xlfn._xlws.FILTER(Pay_ID_Period_End,(Pay_Period_End >= E$22) * (Pay_Period_End <= E$23) * (IFERROR(SEARCH(E$1,Pay_Key_Gps),0)>0) * (pp_Rest_Pay_Code = 1)))),0),_xlpm.perc,_xlpm.calc/_xlpm.denom,IFERROR(IF(_xlpm.calc<1000,_xlfn.CONCAT(_xlpm.calc," (",TEXT(_xlpm.perc,"0.0%"),")"),_xlfn.CONCAT(TEXT(_xlpm.calc,"0,000")," (",TEXT(_xlpm.perc,"0.0%"),")")),"-"))} -> - | F37: {=_xlfn.LET(_xlpm.denom,F$26,_xlpm.calc,IFERROR(ROWS(_xlfn.UNIQUE(_xlfn._xlws.FILTER(Pay_ID_Period_End,(Pay_Period_End >= F$22) * (Pay_Period_End <= F$23) * (IFERROR(SEARCH(F$1,Pay_Key_Gps),0)>0) * (pp_Rest_Pay_Code = 1)))),0),_xlpm.perc,_xlpm.calc/_xlpm.denom,IFERROR(IF(_xlpm.calc<1000,_xlfn.CONCAT(_xlpm.calc," (",TEXT(_xlpm.perc,"0.0%"),")"),_xlfn.CONCAT(TEXT(_xlpm.calc,"0,000")," (",TEXT(_xlpm.perc,"0.0%"),")")),"-"))} -> - | G37: {=_xlfn.LET(_xlpm.denom,G$26,_xlpm.calc,IFERROR(ROWS(_xlfn.UNIQUE(_xlfn._xlws.FILTER(Pay_ID_Period_End,(Pay_Period_End >= G$22) * (Pay_Period_End <= G$23) * (IFERROR(SEARCH(G$1,Pay_Key_Gps),0)>0) * (pp_Rest_Pay_Code = 1)))),0),_xlpm.perc,_xlpm.calc/_xlpm.denom,IFERROR(IF(_xlpm.calc<1000,_xlfn.CONCAT(_xlpm.calc," (",TEXT(_xlpm.perc,"0.0%"),")"),_xlfn.CONCAT(TEXT(_xlpm.calc,"0,000")," (",TEXT(_xlpm.perc,"0.0%"),")")),"-"))} -> - | H37: {=_xlfn.LET(_xlpm.denom,H$26,_xlpm.calc,IFERROR(ROWS(_xlfn.UNIQUE(_xlfn._xlws.FILTER(Pay_ID_Period_End,(Pay_Period_End >= H$22) * (Pay_Period_End <= H$23) * (IFERROR(SEARCH(H$1,Pay_Key_Gps),0)>0) * (pp_Rest_Pay_Code = 1)))),0),_xlpm.perc,_xlpm.calc/_xlpm.denom,IFERROR(IF(_xlpm.calc<1000,_xlfn.CONCAT(_xlpm.calc," (",TEXT(_xlpm.perc,"0.0%"),")"),_xlfn.CONCAT(TEXT(_xlpm.calc,"0,000")," (",TEXT(_xlpm.perc,"0.0%"),")")),"-"))} -> - | I37: {=_xlfn.LET(_xlpm.denom,I$26,_xlpm.calc,IFERROR(ROWS(_xlfn.UNIQUE(_xlfn._xlws.FILTER(Pay_ID_Period_End,(Pay_Period_End >= I$22) * (Pay_Period_End <= I$23) * (IFERROR(SEARCH(I$1,Pay_Key_Gps),0)>0) * (pp_Rest_Pay_Code = 1)))),0),_xlpm.perc,_xlpm.calc/_xlpm.denom,IFERROR(IF(_xlpm.calc<1000,_xlfn.CONCAT(_xlpm.calc," (",TEXT(_xlpm.perc,"0.0%"),")"),_xlfn.CONCAT(TEXT(_xlpm.calc,"0,000")," (",TEXT(_xlpm.perc,"0.0%"),")")),"-"))} -> - | J37: {=_xlfn.LET(_xlpm.denom,J$26,_xlpm.calc,IFERROR(ROWS(_xlfn.UNIQUE(_xlfn._xlws.FILTER(Pay_ID_Period_End,(Pay_Period_End >= J$22) * (Pay_Period_End <= J$23) * (IFERROR(SEARCH(J$1,Pay_Key_Gps),0)>0) * (pp_Rest_Pay_Code = 1)))),0),_xlpm.perc,_xlpm.calc/_xlpm.denom,IFERROR(IF(_xlpm.calc<1000,_xlfn.CONCAT(_xlpm.calc," (",TEXT(_xlpm.perc,"0.0%"),")"),_xlfn.CONCAT(TEXT(_xlpm.calc,"0,000")," (",TEXT(_xlpm.perc,"0.0%"),")")),"-"))} -> - | K37: {=_xlfn.LET(_xlpm.denom,K$26,_xlpm.calc,IFERROR(ROWS(_xlfn.UNIQUE(_xlfn._xlws.FILTER(Pay_ID_Period_End,(Pay_Period_End >= K$22) * (Pay_Period_End <= K$23) * (IFERROR(SEARCH(K$1,Pay_Key_Gps),0)>0) * (pp_Rest_Pay_Code = 1)))),0),_xlpm.perc,_xlpm.calc/_xlpm.denom,IFERROR(IF(_xlpm.calc<1000,_xlfn.CONCAT(_xlpm.calc," (",TEXT(_xlpm.perc,"0.0%"),")"),_xlfn.CONCAT(TEXT(_xlpm.calc,"0,000")," (",TEXT(_xlpm.perc,"0.0%"),")")),"-"))} -> - | L37: {=_xlfn.LET(_xlpm.denom,L$26,_xlpm.calc,IFERROR(ROWS(_xlfn.UNIQUE(_xlfn._xlws.FILTER(Pay_ID_Period_End,(Pay_Period_End >= L$22) * (Pay_Period_End <= L$23) * (IFERROR(SEARCH(L$1,Pay_Key_Gps),0)>0) * (pp_Rest_Pay_Code = 1)))),0),_xlpm.perc,_xlpm.calc/_xlpm.denom,IFERROR(IF(_xlpm.calc<1000,_xlfn.CONCAT(_xlpm.calc," (",TEXT(_xlpm.perc,"0.0%"),")"),_xlfn.CONCAT(TEXT(_xlpm.calc,"0,000")," (",TEXT(_xlpm.perc,"0.0%"),")")),"-"))} -> - | M37: {=_xlfn.LET(_xlpm.denom,M$26,_xlpm.calc,IFERROR(ROWS(_xlfn.UNIQUE(_xlfn._xlws.FILTER(Pay_ID_Period_End,(Pay_Period_End >= M$22) * (Pay_Period_End <= M$23) * (IFERROR(SEARCH(M$1,Pay_Key_Gps),0)>0) * (pp_Rest_Pay_Code = 1)))),0),_xlpm.perc,_xlpm.calc/_xlpm.denom,IFERROR(IF(_xlpm.calc<1000,_xlfn.CONCAT(_xlpm.calc," (",TEXT(_xlpm.perc,"0.0%"),")"),_xlfn.CONCAT(TEXT(_xlpm.calc,"0,000")," (",TEXT(_xlpm.perc,"0.0%"),")")),"-"))} -> - | N37: Percent of all pay periods. | Q37: =IF(IFERROR(SEARCH("(",E37),0)=0,"",VALUE(SUBSTITUTE(RIGHT(E37,LEN(E37)-SEARCH("(",E37)),")",""))) | R37: =IF(U37="","",SUM(V37:AB37)-U37) -> #VALUE! | S37: =IF($C37="","",IF(OR(IFERROR(SEARCH("min wage",LOWER($C37)),0)>0, IFERROR(SEARCH(" per ",LOWER($C37)),0)>0, IFERROR(SEARCH("penalt",LOWER($C37)),0)>0,IFERROR(SEARCH("total",LOWER($C37)),0)>0,IFERROR(SEARCH("interest",LOWER($C37)),0)>0,IFERROR(SEARCH("date",LOWER($C37)),0)>0,IFERROR(SEARCH("employee",LOWER($C37)),0)>0,IFERROR(SEARCH("average",LOWER($C37)),0)>0,IFERROR(SEARCH("median",LOWER($C37)),0)>0),"",1)) -> 1 | T37: =IF($S37<>1,"",IF(IFERROR(SEARCH("(",D37),0)=0,D37,VALUE(TRIM(LEFT(D37,SEARCH(" (",D37)))))) -> - | U37: =IF($S37<>1,"",IF(IFERROR(SEARCH("(",E37),0)=0,E37,VALUE(TRIM(LEFT(E37,SEARCH(" (",E37)))))) -> - | V37: =IF($S37<>1,"",IF(IFERROR(SEARCH("(",F37),0)=0,F37,VALUE(TRIM(LEFT(F37,SEARCH(" (",F37)))))) -> - | W37: =IF($S37<>1,"",IF(IFERROR(SEARCH("(",G37),0)=0,G37,VALUE(TRIM(LEFT(G37,SEARCH(" (",G37)))))) -> - | X37: =IF($S37<>1,"",IF(IFERROR(SEARCH("(",H37),0)=0,H37,VALUE(TRIM(LEFT(H37,SEARCH(" (",H37)))))) -> - | Y37: =IF($S37<>1,"",IF(IFERROR(SEARCH("(",I37),0)=0,I37,VALUE(TRIM(LEFT(I37,SEARCH(" (",I37)))))) -> - | Z37: =IF($S37<>1,"",IF(IFERROR(SEARCH("(",J37),0)=0,J37,VALUE(TRIM(LEFT(J37,SEARCH(" (",J37)))))) -> - | AA37: =IF($S37<>1,"",IF(IFERROR(SEARCH("(",K37),0)=0,K37,VALUE(TRIM(LEFT(K37,SEARCH(" (",K37)))))) -> - | ... AC37: =IF($S37<>1,"",IF(IFERROR(SEARCH("(",M37),0)=0,M37,VALUE(TRIM(LEFT(M37,SEARCH(" (",M37)))))) -> -
A38: 1 | C38: Rest premium hrs | D38: =IFERROR(ROUND(E38/E$26*D$26,0),"-") -> - | E38: =SUMIFS(Pay_Hours,Pay_Period_End,">="&E$22,Pay_Period_End,"<="&E$23,Pay_Key_Gps,"*"&E$1&"*",Rest_Pay_Code,1) -> #NAME? | F38: =SUMIFS(Pay_Hours,Pay_Period_End,">="&F$22,Pay_Period_End,"<="&F$23,Pay_Key_Gps,"*"&F$1&"*",Rest_Pay_Code,1) -> #NAME? | G38: =SUMIFS(Pay_Hours,Pay_Period_End,">="&G$22,Pay_Period_End,"<="&G$23,Pay_Key_Gps,"*"&G$1&"*",Rest_Pay_Code,1) -> #NAME? | H38: =SUMIFS(Pay_Hours,Pay_Period_End,">="&H$22,Pay_Period_End,"<="&H$23,Pay_Key_Gps,"*"&H$1&"*",Rest_Pay_Code,1) -> #NAME? | I38: =SUMIFS(Pay_Hours,Pay_Period_End,">="&I$22,Pay_Period_End,"<="&I$23,Pay_Key_Gps,"*"&I$1&"*",Rest_Pay_Code,1) -> #NAME? | J38: =SUMIFS(Pay_Hours,Pay_Period_End,">="&J$22,Pay_Period_End,"<="&J$23,Pay_Key_Gps,"*"&J$1&"*",Rest_Pay_Code,1) -> #NAME? | K38: =SUMIFS(Pay_Hours,Pay_Period_End,">="&K$22,Pay_Period_End,"<="&K$23,Pay_Key_Gps,"*"&K$1&"*",Rest_Pay_Code,1) -> #NAME? | L38: =SUMIFS(Pay_Hours,Pay_Period_End,">="&L$22,Pay_Period_End,"<="&L$23,Pay_Key_Gps,"*"&L$1&"*",Rest_Pay_Code,1) -> #NAME? | M38: =SUMIFS(Pay_Hours,Pay_Period_End,">="&M$22,Pay_Period_End,"<="&M$23,Pay_Key_Gps,"*"&M$1&"*",Rest_Pay_Code,1) -> #NAME? | Q38: =IF(IFERROR(SEARCH("(",E38),0)=0,"",VALUE(SUBSTITUTE(RIGHT(E38,LEN(E38)-SEARCH("(",E38)),")",""))) | R38: =IF(U38="","",SUM(V38:AB38)-U38) -> #NAME? | S38: =IF($C38="","",IF(OR(IFERROR(SEARCH("min wage",LOWER($C38)),0)>0, IFERROR(SEARCH(" per ",LOWER($C38)),0)>0, IFERROR(SEARCH("penalt",LOWER($C38)),0)>0,IFERROR(SEARCH("total",LOWER($C38)),0)>0,IFERROR(SEARCH("interest",LOWER($C38)),0)>0,IFERROR(SEARCH("date",LOWER($C38)),0)>0,IFERROR(SEARCH("employee",LOWER($C38)),0)>0,IFERROR(SEARCH("average",LOWER($C38)),0)>0,IFERROR(SEARCH("median",LOWER($C38)),0)>0),"",1)) -> 1 | T38: =IF($S38<>1,"",IF(IFERROR(SEARCH("(",D38),0)=0,D38,VALUE(TRIM(LEFT(D38,SEARCH(" (",D38)))))) -> - | U38: =IF($S38<>1,"",IF(IFERROR(SEARCH("(",E38),0)=0,E38,VALUE(TRIM(LEFT(E38,SEARCH(" (",E38)))))) -> #NAME? | V38: =IF($S38<>1,"",IF(IFERROR(SEARCH("(",F38),0)=0,F38,VALUE(TRIM(LEFT(F38,SEARCH(" (",F38)))))) -> #NAME? | W38: =IF($S38<>1,"",IF(IFERROR(SEARCH("(",G38),0)=0,G38,VALUE(TRIM(LEFT(G38,SEARCH(" (",G38)))))) -> #NAME? | X38: =IF($S38<>1,"",IF(IFERROR(SEARCH("(",H38),0)=0,H38,VALUE(TRIM(LEFT(H38,SEARCH(" (",H38)))))) -> #NAME? | Y38: =IF($S38<>1,"",IF(IFERROR(SEARCH("(",I38),0)=0,I38,VALUE(TRIM(LEFT(I38,SEARCH(" (",I38)))))) -> #NAME? | Z38: =IF($S38<>1,"",IF(IFERROR(SEARCH("(",J38),0)=0,J38,VALUE(TRIM(LEFT(J38,SEARCH(" (",J38)))))) -> #NAME? | AA38: =IF($S38<>1,"",IF(IFERROR(SEARCH("(",K38),0)=0,K38,VALUE(TRIM(LEFT(K38,SEARCH(" (",K38)))))) -> #NAME? | ... AC38: =IF($S38<>1,"",IF(IFERROR(SEARCH("(",M38),0)=0,M38,VALUE(TRIM(LEFT(M38,SEARCH(" (",M38)))))) -> #NAME?
A39: 1 | C39: Rest premium $ | D39: =IFERROR(E39/E38*D38,"-") -> - | E39: =SUMIFS(Pay_Amount,Pay_Period_End,">="&E$22,Pay_Period_End,"<="&E$23,Pay_Key_Gps,"*"&E$1&"*",Rest_Pay_Code,1) -> #NAME? | F39: =SUMIFS(Pay_Amount,Pay_Period_End,">="&F$22,Pay_Period_End,"<="&F$23,Pay_Key_Gps,"*"&F$1&"*",Rest_Pay_Code,1) -> #NAME? | G39: =SUMIFS(Pay_Amount,Pay_Period_End,">="&G$22,Pay_Period_End,"<="&G$23,Pay_Key_Gps,"*"&G$1&"*",Rest_Pay_Code,1) -> #NAME? | H39: =SUMIFS(Pay_Amount,Pay_Period_End,">="&H$22,Pay_Period_End,"<="&H$23,Pay_Key_Gps,"*"&H$1&"*",Rest_Pay_Code,1) -> #NAME? | I39: =SUMIFS(Pay_Amount,Pay_Period_End,">="&I$22,Pay_Period_End,"<="&I$23,Pay_Key_Gps,"*"&I$1&"*",Rest_Pay_Code,1) -> #NAME? | J39: =SUMIFS(Pay_Amount,Pay_Period_End,">="&J$22,Pay_Period_End,"<="&J$23,Pay_Key_Gps,"*"&J$1&"*",Rest_Pay_Code,1) -> #NAME? | K39: =SUMIFS(Pay_Amount,Pay_Period_End,">="&K$22,Pay_Period_End,"<="&K$23,Pay_Key_Gps,"*"&K$1&"*",Rest_Pay_Code,1) -> #NAME? | L39: =SUMIFS(Pay_Amount,Pay_Period_End,">="&L$22,Pay_Period_End,"<="&L$23,Pay_Key_Gps,"*"&L$1&"*",Rest_Pay_Code,1) -> #NAME? | M39: =SUMIFS(Pay_Amount,Pay_Period_End,">="&M$22,Pay_Period_End,"<="&M$23,Pay_Key_Gps,"*"&M$1&"*",Rest_Pay_Code,1) -> #NAME? | Q39: =IF(IFERROR(SEARCH("(",E39),0)=0,"",VALUE(SUBSTITUTE(RIGHT(E39,LEN(E39)-SEARCH("(",E39)),")",""))) | R39: =IF(U39="","",SUM(V39:AB39)-U39) -> #NAME? | S39: =IF($C39="","",IF(OR(IFERROR(SEARCH("min wage",LOWER($C39)),0)>0, IFERROR(SEARCH(" per ",LOWER($C39)),0)>0, IFERROR(SEARCH("penalt",LOWER($C39)),0)>0,IFERROR(SEARCH("total",LOWER($C39)),0)>0,IFERROR(SEARCH("interest",LOWER($C39)),0)>0,IFERROR(SEARCH("date",LOWER($C39)),0)>0,IFERROR(SEARCH("employee",LOWER($C39)),0)>0,IFERROR(SEARCH("average",LOWER($C39)),0)>0,IFERROR(SEARCH("median",LOWER($C39)),0)>0),"",1)) -> 1 | T39: =IF($S39<>1,"",IF(IFERROR(SEARCH("(",D39),0)=0,D39,VALUE(TRIM(LEFT(D39,SEARCH(" (",D39)))))) -> - | U39: =IF($S39<>1,"",IF(IFERROR(SEARCH("(",E39),0)=0,E39,VALUE(TRIM(LEFT(E39,SEARCH(" (",E39)))))) -> #NAME? | V39: =IF($S39<>1,"",IF(IFERROR(SEARCH("(",F39),0)=0,F39,VALUE(TRIM(LEFT(F39,SEARCH(" (",F39)))))) -> #NAME? | W39: =IF($S39<>1,"",IF(IFERROR(SEARCH("(",G39),0)=0,G39,VALUE(TRIM(LEFT(G39,SEARCH(" (",G39)))))) -> #NAME? | X39: =IF($S39<>1,"",IF(IFERROR(SEARCH("(",H39),0)=0,H39,VALUE(TRIM(LEFT(H39,SEARCH(" (",H39)))))) -> #NAME? | Y39: =IF($S39<>1,"",IF(IFERROR(SEARCH("(",I39),0)=0,I39,VALUE(TRIM(LEFT(I39,SEARCH(" (",I39)))))) -> #NAME? | Z39: =IF($S39<>1,"",IF(IFERROR(SEARCH("(",J39),0)=0,J39,VALUE(TRIM(LEFT(J39,SEARCH(" (",J39)))))) -> #NAME? | AA39: =IF($S39<>1,"",IF(IFERROR(SEARCH("(",K39),0)=0,K39,VALUE(TRIM(LEFT(K39,SEARCH(" (",K39)))))) -> #NAME? | ... AC39: =IF($S39<>1,"",IF(IFERROR(SEARCH("(",M39),0)=0,M39,VALUE(TRIM(LEFT(M39,SEARCH(" (",M39)))))) -> #NAME?
C40: Employees with bonuses | D40: =_xlfn.LET(_xlpm.denom,D$24,_xlpm.calc,ROUND($Q40*_xlpm.denom,0),_xlpm.perc,_xlpm.calc/_xlpm.denom,IFERROR(IF(_xlpm.calc<1000,_xlfn.CONCAT(_xlpm.calc," (",TEXT(_xlpm.perc,"0.0%"),")"),_xlfn.CONCAT(TEXT(_xlpm.calc,"0,000")," (",TEXT(_xlpm.perc,"0.0%"),")")),"-")) -> - | E40: {=_xlfn.LET(_xlpm.denom,E$24,_xlpm.calc,IFERROR(ROWS(_xlfn.UNIQUE(_xlfn._xlws.FILTER(Pay_ID,(Pay_Period_End >= E$22) * (Pay_Period_End <= E$23) * (IFERROR(SEARCH(E$1,Pay_Key_Gps),0)>0) * (pp_Bon_Pay_Code = 1)))),0),_xlpm.perc,_xlpm.calc/_xlpm.denom,IFERROR(IF(_xlpm.calc<1000,_xlfn.CONCAT(_xlpm.calc," (",TEXT(_xlpm.perc,"0.0%"),")"),_xlfn.CONCAT(TEXT(_xlpm.calc,"0,000")," (",TEXT(_xlpm.perc,"0.0%"),")")),"-"))} -> - | F40: {=_xlfn.LET(_xlpm.denom,F$24,_xlpm.calc,IFERROR(ROWS(_xlfn.UNIQUE(_xlfn._xlws.FILTER(Pay_ID,(Pay_Period_End >= F$22) * (Pay_Period_End <= F$23) * (IFERROR(SEARCH(F$1,Pay_Key_Gps),0)>0) * (pp_Bon_Pay_Code = 1)))),0),_xlpm.perc,_xlpm.calc/_xlpm.denom,IFERROR(IF(_xlpm.calc<1000,_xlfn.CONCAT(_xlpm.calc," (",TEXT(_xlpm.perc,"0.0%"),")"),_xlfn.CONCAT(TEXT(_xlpm.calc,"0,000")," (",TEXT(_xlpm.perc,"0.0%"),")")),"-"))} -> - | G40: {=_xlfn.LET(_xlpm.denom,G$24,_xlpm.calc,IFERROR(ROWS(_xlfn.UNIQUE(_xlfn._xlws.FILTER(Pay_ID,(Pay_Period_End >= G$22) * (Pay_Period_End <= G$23) * (IFERROR(SEARCH(G$1,Pay_Key_Gps),0)>0) * (pp_Bon_Pay_Code = 1)))),0),_xlpm.perc,_xlpm.calc/_xlpm.denom,IFERROR(IF(_xlpm.calc<1000,_xlfn.CONCAT(_xlpm.calc," (",TEXT(_xlpm.perc,"0.0%"),")"),_xlfn.CONCAT(TEXT(_xlpm.calc,"0,000")," (",TEXT(_xlpm.perc,"0.0%"),")")),"-"))} -> - | H40: {=_xlfn.LET(_xlpm.denom,H$24,_xlpm.calc,IFERROR(ROWS(_xlfn.UNIQUE(_xlfn._xlws.FILTER(Pay_ID,(Pay_Period_End >= H$22) * (Pay_Period_End <= H$23) * (IFERROR(SEARCH(H$1,Pay_Key_Gps),0)>0) * (pp_Bon_Pay_Code = 1)))),0),_xlpm.perc,_xlpm.calc/_xlpm.denom,IFERROR(IF(_xlpm.calc<1000,_xlfn.CONCAT(_xlpm.calc," (",TEXT(_xlpm.perc,"0.0%"),")"),_xlfn.CONCAT(TEXT(_xlpm.calc,"0,000")," (",TEXT(_xlpm.perc,"0.0%"),")")),"-"))} -> - | I40: {=_xlfn.LET(_xlpm.denom,I$24,_xlpm.calc,IFERROR(ROWS(_xlfn.UNIQUE(_xlfn._xlws.FILTER(Pay_ID,(Pay_Period_End >= I$22) * (Pay_Period_End <= I$23) * (IFERROR(SEARCH(I$1,Pay_Key_Gps),0)>0) * (pp_Bon_Pay_Code = 1)))),0),_xlpm.perc,_xlpm.calc/_xlpm.denom,IFERROR(IF(_xlpm.calc<1000,_xlfn.CONCAT(_xlpm.calc," (",TEXT(_xlpm.perc,"0.0%"),")"),_xlfn.CONCAT(TEXT(_xlpm.calc,"0,000")," (",TEXT(_xlpm.perc,"0.0%"),")")),"-"))} -> - | J40: {=_xlfn.LET(_xlpm.denom,J$24,_xlpm.calc,IFERROR(ROWS(_xlfn.UNIQUE(_xlfn._xlws.FILTER(Pay_ID,(Pay_Period_End >= J$22) * (Pay_Period_End <= J$23) * (IFERROR(SEARCH(J$1,Pay_Key_Gps),0)>0) * (pp_Bon_Pay_Code = 1)))),0),_xlpm.perc,_xlpm.calc/_xlpm.denom,IFERROR(IF(_xlpm.calc<1000,_xlfn.CONCAT(_xlpm.calc," (",TEXT(_xlpm.perc,"0.0%"),")"),_xlfn.CONCAT(TEXT(_xlpm.calc,"0,000")," (",TEXT(_xlpm.perc,"0.0%"),")")),"-"))} -> - | K40: {=_xlfn.LET(_xlpm.denom,K$24,_xlpm.calc,IFERROR(ROWS(_xlfn.UNIQUE(_xlfn._xlws.FILTER(Pay_ID,(Pay_Period_End >= K$22) * (Pay_Period_End <= K$23) * (IFERROR(SEARCH(K$1,Pay_Key_Gps),0)>0) * (pp_Bon_Pay_Code = 1)))),0),_xlpm.perc,_xlpm.calc/_xlpm.denom,IFERROR(IF(_xlpm.calc<1000,_xlfn.CONCAT(_xlpm.calc," (",TEXT(_xlpm.perc,"0.0%"),")"),_xlfn.CONCAT(TEXT(_xlpm.calc,"0,000")," (",TEXT(_xlpm.perc,"0.0%"),")")),"-"))} -> - | L40: {=_xlfn.LET(_xlpm.denom,L$24,_xlpm.calc,IFERROR(ROWS(_xlfn.UNIQUE(_xlfn._xlws.FILTER(Pay_ID,(Pay_Period_End >= L$22) * (Pay_Period_End <= L$23) * (IFERROR(SEARCH(L$1,Pay_Key_Gps),0)>0) * (pp_Bon_Pay_Code = 1)))),0),_xlpm.perc,_xlpm.calc/_xlpm.denom,IFERROR(IF(_xlpm.calc<1000,_xlfn.CONCAT(_xlpm.calc," (",TEXT(_xlpm.perc,"0.0%"),")"),_xlfn.CONCAT(TEXT(_xlpm.calc,"0,000")," (",TEXT(_xlpm.perc,"0.0%"),")")),"-"))} -> - | M40: {=_xlfn.LET(_xlpm.denom,M$24,_xlpm.calc,IFERROR(ROWS(_xlfn.UNIQUE(_xlfn._xlws.FILTER(Pay_ID,(Pay_Period_End >= M$22) * (Pay_Period_End <= M$23) * (IFERROR(SEARCH(M$1,Pay_Key_Gps),0)>0) * (pp_Bon_Pay_Code = 1)))),0),_xlpm.perc,_xlpm.calc/_xlpm.denom,IFERROR(IF(_xlpm.calc<1000,_xlfn.CONCAT(_xlpm.calc," (",TEXT(_xlpm.perc,"0.0%"),")"),_xlfn.CONCAT(TEXT(_xlpm.calc,"0,000")," (",TEXT(_xlpm.perc,"0.0%"),")")),"-"))} -> - | N40: Percent of all employees. | Q40: =IF(IFERROR(SEARCH("(",E40),0)=0,"",VALUE(SUBSTITUTE(RIGHT(E40,LEN(E40)-SEARCH("(",E40)),")",""))) | R40: =IF(U40="","",SUM(V40:AB40)-U40) | S40: =IF($C40="","",IF(OR(IFERROR(SEARCH("min wage",LOWER($C40)),0)>0, IFERROR(SEARCH(" per ",LOWER($C40)),0)>0, IFERROR(SEARCH("penalt",LOWER($C40)),0)>0,IFERROR(SEARCH("total",LOWER($C40)),0)>0,IFERROR(SEARCH("inteBON",LOWER($C40)),0)>0,IFERROR(SEARCH("date",LOWER($C40)),0)>0,IFERROR(SEARCH("employee",LOWER($C40)),0)>0,IFERROR(SEARCH("average",LOWER($C40)),0)>0,IFERROR(SEARCH("median",LOWER($C40)),0)>0),"",1)) | T40: =IF($S40<>1,"",IF(IFERROR(SEARCH("(",D40),0)=0,D40,VALUE(TRIM(LEFT(D40,SEARCH(" (",D40)))))) | U40: =IF($S40<>1,"",IF(IFERROR(SEARCH("(",E40),0)=0,E40,VALUE(TRIM(LEFT(E40,SEARCH(" (",E40)))))) | V40: =IF($S40<>1,"",IF(IFERROR(SEARCH("(",F40),0)=0,F40,VALUE(TRIM(LEFT(F40,SEARCH(" (",F40)))))) | W40: =IF($S40<>1,"",IF(IFERROR(SEARCH("(",G40),0)=0,G40,VALUE(TRIM(LEFT(G40,SEARCH(" (",G40)))))) | X40: =IF($S40<>1,"",IF(IFERROR(SEARCH("(",H40),0)=0,H40,VALUE(TRIM(LEFT(H40,SEARCH(" (",H40)))))) | Y40: =IF($S40<>1,"",IF(IFERROR(SEARCH("(",I40),0)=0,I40,VALUE(TRIM(LEFT(I40,SEARCH(" (",I40)))))) | Z40: =IF($S40<>1,"",IF(IFERROR(SEARCH("(",J40),0)=0,J40,VALUE(TRIM(LEFT(J40,SEARCH(" (",J40)))))) | AA40: =IF($S40<>1,"",IF(IFERROR(SEARCH("(",K40),0)=0,K40,VALUE(TRIM(LEFT(K40,SEARCH(" (",K40)))))) | ... AC40: =IF($S40<>1,"",IF(IFERROR(SEARCH("(",M40),0)=0,M40,VALUE(TRIM(LEFT(M40,SEARCH(" (",M40))))))
C41: Pay periods with bonuses | D41: =_xlfn.LET(_xlpm.denom,D$26,_xlpm.calc,ROUND($Q41*_xlpm.denom,0),_xlpm.perc,_xlpm.calc/_xlpm.denom,IFERROR(IF(_xlpm.calc<1000,_xlfn.CONCAT(_xlpm.calc," (",TEXT(_xlpm.perc,"0.0%"),")"),_xlfn.CONCAT(TEXT(_xlpm.calc,"0,000")," (",TEXT(_xlpm.perc,"0.0%"),")")),"-")) -> - | E41: {=_xlfn.LET(_xlpm.denom,E$26,_xlpm.calc,IFERROR(ROWS(_xlfn.UNIQUE(_xlfn._xlws.FILTER(Pay_ID_Period_End,(Pay_Period_End >= E$22) * (Pay_Period_End <= E$23) * (IFERROR(SEARCH(E$1,Pay_Key_Gps),0)>0) * (pp_Bon_Pay_Code = 1)))),0),_xlpm.perc,_xlpm.calc/_xlpm.denom,IFERROR(IF(_xlpm.calc<1000,_xlfn.CONCAT(_xlpm.calc," (",TEXT(_xlpm.perc,"0.0%"),")"),_xlfn.CONCAT(TEXT(_xlpm.calc,"0,000")," (",TEXT(_xlpm.perc,"0.0%"),")")),"-"))} -> - | F41: {=_xlfn.LET(_xlpm.denom,F$26,_xlpm.calc,IFERROR(ROWS(_xlfn.UNIQUE(_xlfn._xlws.FILTER(Pay_ID_Period_End,(Pay_Period_End >= F$22) * (Pay_Period_End <= F$23) * (IFERROR(SEARCH(F$1,Pay_Key_Gps),0)>0) * (pp_Bon_Pay_Code = 1)))),0),_xlpm.perc,_xlpm.calc/_xlpm.denom,IFERROR(IF(_xlpm.calc<1000,_xlfn.CONCAT(_xlpm.calc," (",TEXT(_xlpm.perc,"0.0%"),")"),_xlfn.CONCAT(TEXT(_xlpm.calc,"0,000")," (",TEXT(_xlpm.perc,"0.0%"),")")),"-"))} -> - | G41: {=_xlfn.LET(_xlpm.denom,G$26,_xlpm.calc,IFERROR(ROWS(_xlfn.UNIQUE(_xlfn._xlws.FILTER(Pay_ID_Period_End,(Pay_Period_End >= G$22) * (Pay_Period_End <= G$23) * (IFERROR(SEARCH(G$1,Pay_Key_Gps),0)>0) * (pp_Bon_Pay_Code = 1)))),0),_xlpm.perc,_xlpm.calc/_xlpm.denom,IFERROR(IF(_xlpm.calc<1000,_xlfn.CONCAT(_xlpm.calc," (",TEXT(_xlpm.perc,"0.0%"),")"),_xlfn.CONCAT(TEXT(_xlpm.calc,"0,000")," (",TEXT(_xlpm.perc,"0.0%"),")")),"-"))} -> - | H41: {=_xlfn.LET(_xlpm.denom,H$26,_xlpm.calc,IFERROR(ROWS(_xlfn.UNIQUE(_xlfn._xlws.FILTER(Pay_ID_Period_End,(Pay_Period_End >= H$22) * (Pay_Period_End <= H$23) * (IFERROR(SEARCH(H$1,Pay_Key_Gps),0)>0) * (pp_Bon_Pay_Code = 1)))),0),_xlpm.perc,_xlpm.calc/_xlpm.denom,IFERROR(IF(_xlpm.calc<1000,_xlfn.CONCAT(_xlpm.calc," (",TEXT(_xlpm.perc,"0.0%"),")"),_xlfn.CONCAT(TEXT(_xlpm.calc,"0,000")," (",TEXT(_xlpm.perc,"0.0%"),")")),"-"))} -> - | I41: {=_xlfn.LET(_xlpm.denom,I$26,_xlpm.calc,IFERROR(ROWS(_xlfn.UNIQUE(_xlfn._xlws.FILTER(Pay_ID_Period_End,(Pay_Period_End >= I$22) * (Pay_Period_End <= I$23) * (IFERROR(SEARCH(I$1,Pay_Key_Gps),0)>0) * (pp_Bon_Pay_Code = 1)))),0),_xlpm.perc,_xlpm.calc/_xlpm.denom,IFERROR(IF(_xlpm.calc<1000,_xlfn.CONCAT(_xlpm.calc," (",TEXT(_xlpm.perc,"0.0%"),")"),_xlfn.CONCAT(TEXT(_xlpm.calc,"0,000")," (",TEXT(_xlpm.perc,"0.0%"),")")),"-"))} -> - | J41: {=_xlfn.LET(_xlpm.denom,J$26,_xlpm.calc,IFERROR(ROWS(_xlfn.UNIQUE(_xlfn._xlws.FILTER(Pay_ID_Period_End,(Pay_Period_End >= J$22) * (Pay_Period_End <= J$23) * (IFERROR(SEARCH(J$1,Pay_Key_Gps),0)>0) * (pp_Bon_Pay_Code = 1)))),0),_xlpm.perc,_xlpm.calc/_xlpm.denom,IFERROR(IF(_xlpm.calc<1000,_xlfn.CONCAT(_xlpm.calc," (",TEXT(_xlpm.perc,"0.0%"),")"),_xlfn.CONCAT(TEXT(_xlpm.calc,"0,000")," (",TEXT(_xlpm.perc,"0.0%"),")")),"-"))} -> - | K41: {=_xlfn.LET(_xlpm.denom,K$26,_xlpm.calc,IFERROR(ROWS(_xlfn.UNIQUE(_xlfn._xlws.FILTER(Pay_ID_Period_End,(Pay_Period_End >= K$22) * (Pay_Period_End <= K$23) * (IFERROR(SEARCH(K$1,Pay_Key_Gps),0)>0) * (pp_Bon_Pay_Code = 1)))),0),_xlpm.perc,_xlpm.calc/_xlpm.denom,IFERROR(IF(_xlpm.calc<1000,_xlfn.CONCAT(_xlpm.calc," (",TEXT(_xlpm.perc,"0.0%"),")"),_xlfn.CONCAT(TEXT(_xlpm.calc,"0,000")," (",TEXT(_xlpm.perc,"0.0%"),")")),"-"))} -> - | L41: {=_xlfn.LET(_xlpm.denom,L$26,_xlpm.calc,IFERROR(ROWS(_xlfn.UNIQUE(_xlfn._xlws.FILTER(Pay_ID_Period_End,(Pay_Period_End >= L$22) * (Pay_Period_End <= L$23) * (IFERROR(SEARCH(L$1,Pay_Key_Gps),0)>0) * (pp_Bon_Pay_Code = 1)))),0),_xlpm.perc,_xlpm.calc/_xlpm.denom,IFERROR(IF(_xlpm.calc<1000,_xlfn.CONCAT(_xlpm.calc," (",TEXT(_xlpm.perc,"0.0%"),")"),_xlfn.CONCAT(TEXT(_xlpm.calc,"0,000")," (",TEXT(_xlpm.perc,"0.0%"),")")),"-"))} -> - | M41: {=_xlfn.LET(_xlpm.denom,M$26,_xlpm.calc,IFERROR(ROWS(_xlfn.UNIQUE(_xlfn._xlws.FILTER(Pay_ID_Period_End,(Pay_Period_End >= M$22) * (Pay_Period_End <= M$23) * (IFERROR(SEARCH(M$1,Pay_Key_Gps),0)>0) * (pp_Bon_Pay_Code = 1)))),0),_xlpm.perc,_xlpm.calc/_xlpm.denom,IFERROR(IF(_xlpm.calc<1000,_xlfn.CONCAT(_xlpm.calc," (",TEXT(_xlpm.perc,"0.0%"),")"),_xlfn.CONCAT(TEXT(_xlpm.calc,"0,000")," (",TEXT(_xlpm.perc,"0.0%"),")")),"-"))} -> - | N41: Percent of all pay periods. | Q41: =IF(IFERROR(SEARCH("(",E41),0)=0,"",VALUE(SUBSTITUTE(RIGHT(E41,LEN(E41)-SEARCH("(",E41)),")",""))) | R41: =IF(U41="","",SUM(V41:AB41)-U41) -> #VALUE! | S41: =IF($C41="","",IF(OR(IFERROR(SEARCH("min wage",LOWER($C41)),0)>0, IFERROR(SEARCH(" per ",LOWER($C41)),0)>0, IFERROR(SEARCH("penalt",LOWER($C41)),0)>0,IFERROR(SEARCH("total",LOWER($C41)),0)>0,IFERROR(SEARCH("inteBON",LOWER($C41)),0)>0,IFERROR(SEARCH("date",LOWER($C41)),0)>0,IFERROR(SEARCH("employee",LOWER($C41)),0)>0,IFERROR(SEARCH("average",LOWER($C41)),0)>0,IFERROR(SEARCH("median",LOWER($C41)),0)>0),"",1)) -> 1 | T41: =IF($S41<>1,"",IF(IFERROR(SEARCH("(",D41),0)=0,D41,VALUE(TRIM(LEFT(D41,SEARCH(" (",D41)))))) -> - | U41: =IF($S41<>1,"",IF(IFERROR(SEARCH("(",E41),0)=0,E41,VALUE(TRIM(LEFT(E41,SEARCH(" (",E41)))))) -> - | V41: =IF($S41<>1,"",IF(IFERROR(SEARCH("(",F41),0)=0,F41,VALUE(TRIM(LEFT(F41,SEARCH(" (",F41)))))) -> - | W41: =IF($S41<>1,"",IF(IFERROR(SEARCH("(",G41),0)=0,G41,VALUE(TRIM(LEFT(G41,SEARCH(" (",G41)))))) -> - | X41: =IF($S41<>1,"",IF(IFERROR(SEARCH("(",H41),0)=0,H41,VALUE(TRIM(LEFT(H41,SEARCH(" (",H41)))))) -> - | Y41: =IF($S41<>1,"",IF(IFERROR(SEARCH("(",I41),0)=0,I41,VALUE(TRIM(LEFT(I41,SEARCH(" (",I41)))))) -> - | Z41: =IF($S41<>1,"",IF(IFERROR(SEARCH("(",J41),0)=0,J41,VALUE(TRIM(LEFT(J41,SEARCH(" (",J41)))))) -> - | AA41: =IF($S41<>1,"",IF(IFERROR(SEARCH("(",K41),0)=0,K41,VALUE(TRIM(LEFT(K41,SEARCH(" (",K41)))))) -> - | ... AC41: =IF($S41<>1,"",IF(IFERROR(SEARCH("(",M41),0)=0,M41,VALUE(TRIM(LEFT(M41,SEARCH(" (",M41)))))) -> -
C42: Employees with shift differentials | D42: =_xlfn.LET(_xlpm.denom,D$24,_xlpm.calc,ROUND($Q42*_xlpm.denom,0),_xlpm.perc,_xlpm.calc/_xlpm.denom,IFERROR(IF(_xlpm.calc<1000,_xlfn.CONCAT(_xlpm.calc," (",TEXT(_xlpm.perc,"0.0%"),")"),_xlfn.CONCAT(TEXT(_xlpm.calc,"0,000")," (",TEXT(_xlpm.perc,"0.0%"),")")),"-")) -> - | E42: {=_xlfn.LET(_xlpm.denom,E$24,_xlpm.calc,IFERROR(ROWS(_xlfn.UNIQUE(_xlfn._xlws.FILTER(Pay_ID,(Pay_Period_End >= E$22) * (Pay_Period_End <= E$23) * (IFERROR(SEARCH(E$1,Pay_Key_Gps),0)>0) * (pp_Diff_Pay_Code = 1)))),0),_xlpm.perc,_xlpm.calc/_xlpm.denom,IFERROR(IF(_xlpm.calc<1000,_xlfn.CONCAT(_xlpm.calc," (",TEXT(_xlpm.perc,"0.0%"),")"),_xlfn.CONCAT(TEXT(_xlpm.calc,"0,000")," (",TEXT(_xlpm.perc,"0.0%"),")")),"-"))} -> - | F42: {=_xlfn.LET(_xlpm.denom,F$24,_xlpm.calc,IFERROR(ROWS(_xlfn.UNIQUE(_xlfn._xlws.FILTER(Pay_ID,(Pay_Period_End >= F$22) * (Pay_Period_End <= F$23) * (IFERROR(SEARCH(F$1,Pay_Key_Gps),0)>0) * (pp_Diff_Pay_Code = 1)))),0),_xlpm.perc,_xlpm.calc/_xlpm.denom,IFERROR(IF(_xlpm.calc<1000,_xlfn.CONCAT(_xlpm.calc," (",TEXT(_xlpm.perc,"0.0%"),")"),_xlfn.CONCAT(TEXT(_xlpm.calc,"0,000")," (",TEXT(_xlpm.perc,"0.0%"),")")),"-"))} -> - | G42: {=_xlfn.LET(_xlpm.denom,G$24,_xlpm.calc,IFERROR(ROWS(_xlfn.UNIQUE(_xlfn._xlws.FILTER(Pay_ID,(Pay_Period_End >= G$22) * (Pay_Period_End <= G$23) * (IFERROR(SEARCH(G$1,Pay_Key_Gps),0)>0) * (pp_Diff_Pay_Code = 1)))),0),_xlpm.perc,_xlpm.calc/_xlpm.denom,IFERROR(IF(_xlpm.calc<1000,_xlfn.CONCAT(_xlpm.calc," (",TEXT(_xlpm.perc,"0.0%"),")"),_xlfn.CONCAT(TEXT(_xlpm.calc,"0,000")," (",TEXT(_xlpm.perc,"0.0%"),")")),"-"))} -> - | H42: {=_xlfn.LET(_xlpm.denom,H$24,_xlpm.calc,IFERROR(ROWS(_xlfn.UNIQUE(_xlfn._xlws.FILTER(Pay_ID,(Pay_Period_End >= H$22) * (Pay_Period_End <= H$23) * (IFERROR(SEARCH(H$1,Pay_Key_Gps),0)>0) * (pp_Diff_Pay_Code = 1)))),0),_xlpm.perc,_xlpm.calc/_xlpm.denom,IFERROR(IF(_xlpm.calc<1000,_xlfn.CONCAT(_xlpm.calc," (",TEXT(_xlpm.perc,"0.0%"),")"),_xlfn.CONCAT(TEXT(_xlpm.calc,"0,000")," (",TEXT(_xlpm.perc,"0.0%"),")")),"-"))} -> - | I42: {=_xlfn.LET(_xlpm.denom,I$24,_xlpm.calc,IFERROR(ROWS(_xlfn.UNIQUE(_xlfn._xlws.FILTER(Pay_ID,(Pay_Period_End >= I$22) * (Pay_Period_End <= I$23) * (IFERROR(SEARCH(I$1,Pay_Key_Gps),0)>0) * (pp_Diff_Pay_Code = 1)))),0),_xlpm.perc,_xlpm.calc/_xlpm.denom,IFERROR(IF(_xlpm.calc<1000,_xlfn.CONCAT(_xlpm.calc," (",TEXT(_xlpm.perc,"0.0%"),")"),_xlfn.CONCAT(TEXT(_xlpm.calc,"0,000")," (",TEXT(_xlpm.perc,"0.0%"),")")),"-"))} -> - | J42: {=_xlfn.LET(_xlpm.denom,J$24,_xlpm.calc,IFERROR(ROWS(_xlfn.UNIQUE(_xlfn._xlws.FILTER(Pay_ID,(Pay_Period_End >= J$22) * (Pay_Period_End <= J$23) * (IFERROR(SEARCH(J$1,Pay_Key_Gps),0)>0) * (pp_Diff_Pay_Code = 1)))),0),_xlpm.perc,_xlpm.calc/_xlpm.denom,IFERROR(IF(_xlpm.calc<1000,_xlfn.CONCAT(_xlpm.calc," (",TEXT(_xlpm.perc,"0.0%"),")"),_xlfn.CONCAT(TEXT(_xlpm.calc,"0,000")," (",TEXT(_xlpm.perc,"0.0%"),")")),"-"))} -> - | K42: {=_xlfn.LET(_xlpm.denom,K$24,_xlpm.calc,IFERROR(ROWS(_xlfn.UNIQUE(_xlfn._xlws.FILTER(Pay_ID,(Pay_Period_End >= K$22) * (Pay_Period_End <= K$23) * (IFERROR(SEARCH(K$1,Pay_Key_Gps),0)>0) * (pp_Diff_Pay_Code = 1)))),0),_xlpm.perc,_xlpm.calc/_xlpm.denom,IFERROR(IF(_xlpm.calc<1000,_xlfn.CONCAT(_xlpm.calc," (",TEXT(_xlpm.perc,"0.0%"),")"),_xlfn.CONCAT(TEXT(_xlpm.calc,"0,000")," (",TEXT(_xlpm.perc,"0.0%"),")")),"-"))} -> - | L42: {=_xlfn.LET(_xlpm.denom,L$24,_xlpm.calc,IFERROR(ROWS(_xlfn.UNIQUE(_xlfn._xlws.FILTER(Pay_ID,(Pay_Period_End >= L$22) * (Pay_Period_End <= L$23) * (IFERROR(SEARCH(L$1,Pay_Key_Gps),0)>0) * (pp_Diff_Pay_Code = 1)))),0),_xlpm.perc,_xlpm.calc/_xlpm.denom,IFERROR(IF(_xlpm.calc<1000,_xlfn.CONCAT(_xlpm.calc," (",TEXT(_xlpm.perc,"0.0%"),")"),_xlfn.CONCAT(TEXT(_xlpm.calc,"0,000")," (",TEXT(_xlpm.perc,"0.0%"),")")),"-"))} -> - | M42: {=_xlfn.LET(_xlpm.denom,M$24,_xlpm.calc,IFERROR(ROWS(_xlfn.UNIQUE(_xlfn._xlws.FILTER(Pay_ID,(Pay_Period_End >= M$22) * (Pay_Period_End <= M$23) * (IFERROR(SEARCH(M$1,Pay_Key_Gps),0)>0) * (pp_Diff_Pay_Code = 1)))),0),_xlpm.perc,_xlpm.calc/_xlpm.denom,IFERROR(IF(_xlpm.calc<1000,_xlfn.CONCAT(_xlpm.calc," (",TEXT(_xlpm.perc,"0.0%"),")"),_xlfn.CONCAT(TEXT(_xlpm.calc,"0,000")," (",TEXT(_xlpm.perc,"0.0%"),")")),"-"))} -> - | N42: Percent of all employees. | Q42: =IF(IFERROR(SEARCH("(",E42),0)=0,"",VALUE(SUBSTITUTE(RIGHT(E42,LEN(E42)-SEARCH("(",E42)),")",""))) | R42: =IF(U42="","",SUM(V42:AB42)-U42) | S42: =IF($C42="","",IF(OR(IFERROR(SEARCH("min wage",LOWER($C42)),0)>0, IFERROR(SEARCH(" per ",LOWER($C42)),0)>0, IFERROR(SEARCH("penalt",LOWER($C42)),0)>0,IFERROR(SEARCH("total",LOWER($C42)),0)>0,IFERROR(SEARCH("inteDiffs",LOWER($C42)),0)>0,IFERROR(SEARCH("date",LOWER($C42)),0)>0,IFERROR(SEARCH("employee",LOWER($C42)),0)>0,IFERROR(SEARCH("average",LOWER($C42)),0)>0,IFERROR(SEARCH("median",LOWER($C42)),0)>0),"",1)) | T42: =IF($S42<>1,"",IF(IFERROR(SEARCH("(",D42),0)=0,D42,VALUE(TRIM(LEFT(D42,SEARCH(" (",D42)))))) | U42: =IF($S42<>1,"",IF(IFERROR(SEARCH("(",E42),0)=0,E42,VALUE(TRIM(LEFT(E42,SEARCH(" (",E42)))))) | V42: =IF($S42<>1,"",IF(IFERROR(SEARCH("(",F42),0)=0,F42,VALUE(TRIM(LEFT(F42,SEARCH(" (",F42)))))) | W42: =IF($S42<>1,"",IF(IFERROR(SEARCH("(",G42),0)=0,G42,VALUE(TRIM(LEFT(G42,SEARCH(" (",G42)))))) | X42: =IF($S42<>1,"",IF(IFERROR(SEARCH("(",H42),0)=0,H42,VALUE(TRIM(LEFT(H42,SEARCH(" (",H42)))))) | Y42: =IF($S42<>1,"",IF(IFERROR(SEARCH("(",I42),0)=0,I42,VALUE(TRIM(LEFT(I42,SEARCH(" (",I42)))))) | Z42: =IF($S42<>1,"",IF(IFERROR(SEARCH("(",J42),0)=0,J42,VALUE(TRIM(LEFT(J42,SEARCH(" (",J42)))))) | AA42: =IF($S42<>1,"",IF(IFERROR(SEARCH("(",K42),0)=0,K42,VALUE(TRIM(LEFT(K42,SEARCH(" (",K42)))))) | ... AC42: =IF($S42<>1,"",IF(IFERROR(SEARCH("(",M42),0)=0,M42,VALUE(TRIM(LEFT(M42,SEARCH(" (",M42))))))
C43: Pay periods with shift differentials | D43: =_xlfn.LET(_xlpm.denom,D$26,_xlpm.calc,ROUND($Q43*_xlpm.denom,0),_xlpm.perc,_xlpm.calc/_xlpm.denom,IFERROR(IF(_xlpm.calc<1000,_xlfn.CONCAT(_xlpm.calc," (",TEXT(_xlpm.perc,"0.0%"),")"),_xlfn.CONCAT(TEXT(_xlpm.calc,"0,000")," (",TEXT(_xlpm.perc,"0.0%"),")")),"-")) -> - | E43: {=_xlfn.LET(_xlpm.denom,E$26,_xlpm.calc,IFERROR(ROWS(_xlfn.UNIQUE(_xlfn._xlws.FILTER(Pay_ID_Period_End,(Pay_Period_End >= E$22) * (Pay_Period_End <= E$23) * (IFERROR(SEARCH(E$1,Pay_Key_Gps),0)>0) * (pp_Diff_Pay_Code = 1)))),0),_xlpm.perc,_xlpm.calc/_xlpm.denom,IFERROR(IF(_xlpm.calc<1000,_xlfn.CONCAT(_xlpm.calc," (",TEXT(_xlpm.perc,"0.0%"),")"),_xlfn.CONCAT(TEXT(_xlpm.calc,"0,000")," (",TEXT(_xlpm.perc,"0.0%"),")")),"-"))} -> - | F43: {=_xlfn.LET(_xlpm.denom,F$26,_xlpm.calc,IFERROR(ROWS(_xlfn.UNIQUE(_xlfn._xlws.FILTER(Pay_ID_Period_End,(Pay_Period_End >= F$22) * (Pay_Period_End <= F$23) * (IFERROR(SEARCH(F$1,Pay_Key_Gps),0)>0) * (pp_Diff_Pay_Code = 1)))),0),_xlpm.perc,_xlpm.calc/_xlpm.denom,IFERROR(IF(_xlpm.calc<1000,_xlfn.CONCAT(_xlpm.calc," (",TEXT(_xlpm.perc,"0.0%"),")"),_xlfn.CONCAT(TEXT(_xlpm.calc,"0,000")," (",TEXT(_xlpm.perc,"0.0%"),")")),"-"))} -> - | G43: {=_xlfn.LET(_xlpm.denom,G$26,_xlpm.calc,IFERROR(ROWS(_xlfn.UNIQUE(_xlfn._xlws.FILTER(Pay_ID_Period_End,(Pay_Period_End >= G$22) * (Pay_Period_End <= G$23) * (IFERROR(SEARCH(G$1,Pay_Key_Gps),0)>0) * (pp_Diff_Pay_Code = 1)))),0),_xlpm.perc,_xlpm.calc/_xlpm.denom,IFERROR(IF(_xlpm.calc<1000,_xlfn.CONCAT(_xlpm.calc," (",TEXT(_xlpm.perc,"0.0%"),")"),_xlfn.CONCAT(TEXT(_xlpm.calc,"0,000")," (",TEXT(_xlpm.perc,"0.0%"),")")),"-"))} -> - | H43: {=_xlfn.LET(_xlpm.denom,H$26,_xlpm.calc,IFERROR(ROWS(_xlfn.UNIQUE(_xlfn._xlws.FILTER(Pay_ID_Period_End,(Pay_Period_End >= H$22) * (Pay_Period_End <= H$23) * (IFERROR(SEARCH(H$1,Pay_Key_Gps),0)>0) * (pp_Diff_Pay_Code = 1)))),0),_xlpm.perc,_xlpm.calc/_xlpm.denom,IFERROR(IF(_xlpm.calc<1000,_xlfn.CONCAT(_xlpm.calc," (",TEXT(_xlpm.perc,"0.0%"),")"),_xlfn.CONCAT(TEXT(_xlpm.calc,"0,000")," (",TEXT(_xlpm.perc,"0.0%"),")")),"-"))} -> - | I43: {=_xlfn.LET(_xlpm.denom,I$26,_xlpm.calc,IFERROR(ROWS(_xlfn.UNIQUE(_xlfn._xlws.FILTER(Pay_ID_Period_End,(Pay_Period_End >= I$22) * (Pay_Period_End <= I$23) * (IFERROR(SEARCH(I$1,Pay_Key_Gps),0)>0) * (pp_Diff_Pay_Code = 1)))),0),_xlpm.perc,_xlpm.calc/_xlpm.denom,IFERROR(IF(_xlpm.calc<1000,_xlfn.CONCAT(_xlpm.calc," (",TEXT(_xlpm.perc,"0.0%"),")"),_xlfn.CONCAT(TEXT(_xlpm.calc,"0,000")," (",TEXT(_xlpm.perc,"0.0%"),")")),"-"))} -> - | J43: {=_xlfn.LET(_xlpm.denom,J$26,_xlpm.calc,IFERROR(ROWS(_xlfn.UNIQUE(_xlfn._xlws.FILTER(Pay_ID_Period_End,(Pay_Period_End >= J$22) * (Pay_Period_End <= J$23) * (IFERROR(SEARCH(J$1,Pay_Key_Gps),0)>0) * (pp_Diff_Pay_Code = 1)))),0),_xlpm.perc,_xlpm.calc/_xlpm.denom,IFERROR(IF(_xlpm.calc<1000,_xlfn.CONCAT(_xlpm.calc," (",TEXT(_xlpm.perc,"0.0%"),")"),_xlfn.CONCAT(TEXT(_xlpm.calc,"0,000")," (",TEXT(_xlpm.perc,"0.0%"),")")),"-"))} -> - | K43: {=_xlfn.LET(_xlpm.denom,K$26,_xlpm.calc,IFERROR(ROWS(_xlfn.UNIQUE(_xlfn._xlws.FILTER(Pay_ID_Period_End,(Pay_Period_End >= K$22) * (Pay_Period_End <= K$23) * (IFERROR(SEARCH(K$1,Pay_Key_Gps),0)>0) * (pp_Diff_Pay_Code = 1)))),0),_xlpm.perc,_xlpm.calc/_xlpm.denom,IFERROR(IF(_xlpm.calc<1000,_xlfn.CONCAT(_xlpm.calc," (",TEXT(_xlpm.perc,"0.0%"),")"),_xlfn.CONCAT(TEXT(_xlpm.calc,"0,000")," (",TEXT(_xlpm.perc,"0.0%"),")")),"-"))} -> - | L43: {=_xlfn.LET(_xlpm.denom,L$26,_xlpm.calc,IFERROR(ROWS(_xlfn.UNIQUE(_xlfn._xlws.FILTER(Pay_ID_Period_End,(Pay_Period_End >= L$22) * (Pay_Period_End <= L$23) * (IFERROR(SEARCH(L$1,Pay_Key_Gps),0)>0) * (pp_Diff_Pay_Code = 1)))),0),_xlpm.perc,_xlpm.calc/_xlpm.denom,IFERROR(IF(_xlpm.calc<1000,_xlfn.CONCAT(_xlpm.calc," (",TEXT(_xlpm.perc,"0.0%"),")"),_xlfn.CONCAT(TEXT(_xlpm.calc,"0,000")," (",TEXT(_xlpm.perc,"0.0%"),")")),"-"))} -> - | M43: {=_xlfn.LET(_xlpm.denom,M$26,_xlpm.calc,IFERROR(ROWS(_xlfn.UNIQUE(_xlfn._xlws.FILTER(Pay_ID_Period_End,(Pay_Period_End >= M$22) * (Pay_Period_End <= M$23) * (IFERROR(SEARCH(M$1,Pay_Key_Gps),0)>0) * (pp_Diff_Pay_Code = 1)))),0),_xlpm.perc,_xlpm.calc/_xlpm.denom,IFERROR(IF(_xlpm.calc<1000,_xlfn.CONCAT(_xlpm.calc," (",TEXT(_xlpm.perc,"0.0%"),")"),_xlfn.CONCAT(TEXT(_xlpm.calc,"0,000")," (",TEXT(_xlpm.perc,"0.0%"),")")),"-"))} -> - | N43: Percent of all pay periods. | Q43: =IF(IFERROR(SEARCH("(",E43),0)=0,"",VALUE(SUBSTITUTE(RIGHT(E43,LEN(E43)-SEARCH("(",E43)),")",""))) | R43: =IF(U43="","",SUM(V43:AB43)-U43) -> #VALUE! | S43: =IF($C43="","",IF(OR(IFERROR(SEARCH("min wage",LOWER($C43)),0)>0, IFERROR(SEARCH(" per ",LOWER($C43)),0)>0, IFERROR(SEARCH("penalt",LOWER($C43)),0)>0,IFERROR(SEARCH("total",LOWER($C43)),0)>0,IFERROR(SEARCH("inteDiffs",LOWER($C43)),0)>0,IFERROR(SEARCH("date",LOWER($C43)),0)>0,IFERROR(SEARCH("employee",LOWER($C43)),0)>0,IFERROR(SEARCH("average",LOWER($C43)),0)>0,IFERROR(SEARCH("median",LOWER($C43)),0)>0),"",1)) -> 1 | T43: =IF($S43<>1,"",IF(IFERROR(SEARCH("(",D43),0)=0,D43,VALUE(TRIM(LEFT(D43,SEARCH(" (",D43)))))) -> - | U43: =IF($S43<>1,"",IF(IFERROR(SEARCH("(",E43),0)=0,E43,VALUE(TRIM(LEFT(E43,SEARCH(" (",E43)))))) -> - | V43: =IF($S43<>1,"",IF(IFERROR(SEARCH("(",F43),0)=0,F43,VALUE(TRIM(LEFT(F43,SEARCH(" (",F43)))))) -> - | W43: =IF($S43<>1,"",IF(IFERROR(SEARCH("(",G43),0)=0,G43,VALUE(TRIM(LEFT(G43,SEARCH(" (",G43)))))) -> - | X43: =IF($S43<>1,"",IF(IFERROR(SEARCH("(",H43),0)=0,H43,VALUE(TRIM(LEFT(H43,SEARCH(" (",H43)))))) -> - | Y43: =IF($S43<>1,"",IF(IFERROR(SEARCH("(",I43),0)=0,I43,VALUE(TRIM(LEFT(I43,SEARCH(" (",I43)))))) -> - | Z43: =IF($S43<>1,"",IF(IFERROR(SEARCH("(",J43),0)=0,J43,VALUE(TRIM(LEFT(J43,SEARCH(" (",J43)))))) -> - | AA43: =IF($S43<>1,"",IF(IFERROR(SEARCH("(",K43),0)=0,K43,VALUE(TRIM(LEFT(K43,SEARCH(" (",K43)))))) -> - | ... AC43: =IF($S43<>1,"",IF(IFERROR(SEARCH("(",M43),0)=0,M43,VALUE(TRIM(LEFT(M43,SEARCH(" (",M43)))))) -> -
C44: Employees with sick pay | D44: =_xlfn.LET(_xlpm.denom,D$24,_xlpm.calc,ROUND($Q44*_xlpm.denom,0),_xlpm.perc,_xlpm.calc/_xlpm.denom,IFERROR(IF(_xlpm.calc<1000,_xlfn.CONCAT(_xlpm.calc," (",TEXT(_xlpm.perc,"0.0%"),")"),_xlfn.CONCAT(TEXT(_xlpm.calc,"0,000")," (",TEXT(_xlpm.perc,"0.0%"),")")),"-")) -> - | E44: {=_xlfn.LET(_xlpm.denom,E$24,_xlpm.calc,IFERROR(ROWS(_xlfn.UNIQUE(_xlfn._xlws.FILTER(Pay_ID,(Pay_Period_End >= E$22) * (Pay_Period_End <= E$23) * (IFERROR(SEARCH(E$1,Pay_Key_Gps),0)>0) * (pp_Sick_Pay_Code = 1)))),0),_xlpm.perc,_xlpm.calc/_xlpm.denom,IFERROR(IF(_xlpm.calc<1000,_xlfn.CONCAT(_xlpm.calc," (",TEXT(_xlpm.perc,"0.0%"),")"),_xlfn.CONCAT(TEXT(_xlpm.calc,"0,000")," (",TEXT(_xlpm.perc,"0.0%"),")")),"-"))} -> - | F44: {=_xlfn.LET(_xlpm.denom,F$24,_xlpm.calc,IFERROR(ROWS(_xlfn.UNIQUE(_xlfn._xlws.FILTER(Pay_ID,(Pay_Period_End >= F$22) * (Pay_Period_End <= F$23) * (IFERROR(SEARCH(F$1,Pay_Key_Gps),0)>0) * (pp_Sick_Pay_Code = 1)))),0),_xlpm.perc,_xlpm.calc/_xlpm.denom,IFERROR(IF(_xlpm.calc<1000,_xlfn.CONCAT(_xlpm.calc," (",TEXT(_xlpm.perc,"0.0%"),")"),_xlfn.CONCAT(TEXT(_xlpm.calc,"0,000")," (",TEXT(_xlpm.perc,"0.0%"),")")),"-"))} -> - | G44: {=_xlfn.LET(_xlpm.denom,G$24,_xlpm.calc,IFERROR(ROWS(_xlfn.UNIQUE(_xlfn._xlws.FILTER(Pay_ID,(Pay_Period_End >= G$22) * (Pay_Period_End <= G$23) * (IFERROR(SEARCH(G$1,Pay_Key_Gps),0)>0) * (pp_Sick_Pay_Code = 1)))),0),_xlpm.perc,_xlpm.calc/_xlpm.denom,IFERROR(IF(_xlpm.calc<1000,_xlfn.CONCAT(_xlpm.calc," (",TEXT(_xlpm.perc,"0.0%"),")"),_xlfn.CONCAT(TEXT(_xlpm.calc,"0,000")," (",TEXT(_xlpm.perc,"0.0%"),")")),"-"))} -> - | H44: {=_xlfn.LET(_xlpm.denom,H$24,_xlpm.calc,IFERROR(ROWS(_xlfn.UNIQUE(_xlfn._xlws.FILTER(Pay_ID,(Pay_Period_End >= H$22) * (Pay_Period_End <= H$23) * (IFERROR(SEARCH(H$1,Pay_Key_Gps),0)>0) * (pp_Sick_Pay_Code = 1)))),0),_xlpm.perc,_xlpm.calc/_xlpm.denom,IFERROR(IF(_xlpm.calc<1000,_xlfn.CONCAT(_xlpm.calc," (",TEXT(_xlpm.perc,"0.0%"),")"),_xlfn.CONCAT(TEXT(_xlpm.calc,"0,000")," (",TEXT(_xlpm.perc,"0.0%"),")")),"-"))} -> - | I44: {=_xlfn.LET(_xlpm.denom,I$24,_xlpm.calc,IFERROR(ROWS(_xlfn.UNIQUE(_xlfn._xlws.FILTER(Pay_ID,(Pay_Period_End >= I$22) * (Pay_Period_End <= I$23) * (IFERROR(SEARCH(I$1,Pay_Key_Gps),0)>0) * (pp_Sick_Pay_Code = 1)))),0),_xlpm.perc,_xlpm.calc/_xlpm.denom,IFERROR(IF(_xlpm.calc<1000,_xlfn.CONCAT(_xlpm.calc," (",TEXT(_xlpm.perc,"0.0%"),")"),_xlfn.CONCAT(TEXT(_xlpm.calc,"0,000")," (",TEXT(_xlpm.perc,"0.0%"),")")),"-"))} -> - | J44: {=_xlfn.LET(_xlpm.denom,J$24,_xlpm.calc,IFERROR(ROWS(_xlfn.UNIQUE(_xlfn._xlws.FILTER(Pay_ID,(Pay_Period_End >= J$22) * (Pay_Period_End <= J$23) * (IFERROR(SEARCH(J$1,Pay_Key_Gps),0)>0) * (pp_Sick_Pay_Code = 1)))),0),_xlpm.perc,_xlpm.calc/_xlpm.denom,IFERROR(IF(_xlpm.calc<1000,_xlfn.CONCAT(_xlpm.calc," (",TEXT(_xlpm.perc,"0.0%"),")"),_xlfn.CONCAT(TEXT(_xlpm.calc,"0,000")," (",TEXT(_xlpm.perc,"0.0%"),")")),"-"))} -> - | K44: {=_xlfn.LET(_xlpm.denom,K$24,_xlpm.calc,IFERROR(ROWS(_xlfn.UNIQUE(_xlfn._xlws.FILTER(Pay_ID,(Pay_Period_End >= K$22) * (Pay_Period_End <= K$23) * (IFERROR(SEARCH(K$1,Pay_Key_Gps),0)>0) * (pp_Sick_Pay_Code = 1)))),0),_xlpm.perc,_xlpm.calc/_xlpm.denom,IFERROR(IF(_xlpm.calc<1000,_xlfn.CONCAT(_xlpm.calc," (",TEXT(_xlpm.perc,"0.0%"),")"),_xlfn.CONCAT(TEXT(_xlpm.calc,"0,000")," (",TEXT(_xlpm.perc,"0.0%"),")")),"-"))} -> - | L44: {=_xlfn.LET(_xlpm.denom,L$24,_xlpm.calc,IFERROR(ROWS(_xlfn.UNIQUE(_xlfn._xlws.FILTER(Pay_ID,(Pay_Period_End >= L$22) * (Pay_Period_End <= L$23) * (IFERROR(SEARCH(L$1,Pay_Key_Gps),0)>0) * (pp_Sick_Pay_Code = 1)))),0),_xlpm.perc,_xlpm.calc/_xlpm.denom,IFERROR(IF(_xlpm.calc<1000,_xlfn.CONCAT(_xlpm.calc," (",TEXT(_xlpm.perc,"0.0%"),")"),_xlfn.CONCAT(TEXT(_xlpm.calc,"0,000")," (",TEXT(_xlpm.perc,"0.0%"),")")),"-"))} -> - | M44: {=_xlfn.LET(_xlpm.denom,M$24,_xlpm.calc,IFERROR(ROWS(_xlfn.UNIQUE(_xlfn._xlws.FILTER(Pay_ID,(Pay_Period_End >= M$22) * (Pay_Period_End <= M$23) * (IFERROR(SEARCH(M$1,Pay_Key_Gps),0)>0) * (pp_Sick_Pay_Code = 1)))),0),_xlpm.perc,_xlpm.calc/_xlpm.denom,IFERROR(IF(_xlpm.calc<1000,_xlfn.CONCAT(_xlpm.calc," (",TEXT(_xlpm.perc,"0.0%"),")"),_xlfn.CONCAT(TEXT(_xlpm.calc,"0,000")," (",TEXT(_xlpm.perc,"0.0%"),")")),"-"))} -> - | N44: Percent of all employees. | Q44: =IF(IFERROR(SEARCH("(",E44),0)=0,"",VALUE(SUBSTITUTE(RIGHT(E44,LEN(E44)-SEARCH("(",E44)),")",""))) | R44: =IF(U44="","",SUM(V44:AB44)-U44) | S44: =IF($C44="","",IF(OR(IFERROR(SEARCH("min wage",LOWER($C44)),0)>0, IFERROR(SEARCH(" per ",LOWER($C44)),0)>0, IFERROR(SEARCH("penalt",LOWER($C44)),0)>0,IFERROR(SEARCH("total",LOWER($C44)),0)>0,IFERROR(SEARCH("inteSick",LOWER($C44)),0)>0,IFERROR(SEARCH("date",LOWER($C44)),0)>0,IFERROR(SEARCH("employee",LOWER($C44)),0)>0,IFERROR(SEARCH("average",LOWER($C44)),0)>0,IFERROR(SEARCH("median",LOWER($C44)),0)>0),"",1)) | T44: =IF($S44<>1,"",IF(IFERROR(SEARCH("(",D44),0)=0,D44,VALUE(TRIM(LEFT(D44,SEARCH(" (",D44)))))) | U44: =IF($S44<>1,"",IF(IFERROR(SEARCH("(",E44),0)=0,E44,VALUE(TRIM(LEFT(E44,SEARCH(" (",E44)))))) | V44: =IF($S44<>1,"",IF(IFERROR(SEARCH("(",F44),0)=0,F44,VALUE(TRIM(LEFT(F44,SEARCH(" (",F44)))))) | W44: =IF($S44<>1,"",IF(IFERROR(SEARCH("(",G44),0)=0,G44,VALUE(TRIM(LEFT(G44,SEARCH(" (",G44)))))) | X44: =IF($S44<>1,"",IF(IFERROR(SEARCH("(",H44),0)=0,H44,VALUE(TRIM(LEFT(H44,SEARCH(" (",H44)))))) | Y44: =IF($S44<>1,"",IF(IFERROR(SEARCH("(",I44),0)=0,I44,VALUE(TRIM(LEFT(I44,SEARCH(" (",I44)))))) | Z44: =IF($S44<>1,"",IF(IFERROR(SEARCH("(",J44),0)=0,J44,VALUE(TRIM(LEFT(J44,SEARCH(" (",J44)))))) | AA44: =IF($S44<>1,"",IF(IFERROR(SEARCH("(",K44),0)=0,K44,VALUE(TRIM(LEFT(K44,SEARCH(" (",K44)))))) | ... AC44: =IF($S44<>1,"",IF(IFERROR(SEARCH("(",M44),0)=0,M44,VALUE(TRIM(LEFT(M44,SEARCH(" (",M44))))))
